bvid,title,top_words,top_scores
BV1pr4y1R7tX,「假如月老也有KPI」实习生为了KPI把自己也搭进去了,那到 | 请问 | 老大 | 还给 | 一一 | 通常 | 不得不 | 眼睛 | 出去 | 三个,0.4197 | 0.3737 | 0.3512 | 0.3239 | 0.3239 | 0.3038 | 0.2652 | 0.2293 | 0.2253 | 0.2166
BV1NT421Y71A,职场女孩被工作压力逼到深山老林自寻短见，超治愈电影推荐!,自杀 | 似乎 | 女友 | 老爷 | 老板 | 生活 | 女孩 | 面条 | 打算 | 突然,0.2252 | 0.2191 | 0.2111 | 0.2052 | 0.1854 | 0.1619 | 0.1343 | 0.1319 | 0.1312 | 0.1301
BV1uS4y1w7GK,进来让世界感受一下什么是内卷王中王！！,蛋糕 | 小王 | 大佬 | 巧克力 | 一层 | 起码 | 模型 | 同款 | 塑料 | 不想,0.5249 | 0.2672 | 0.225 | 0.209 | 0.1853 | 0.1603 | 0.1455 | 0.12 | 0.1159 | 0.1127
BV1fC41177gH,活是永远都干不完的！责任心过剩是病，得治！,工作 | 彻底 | 忍受 | 消息 | 心里 | 失败 | 这一 | 计划 | 接下来 | 不再,0.3459 | 0.2809 | 0.2355 | 0.231 | 0.227 | 0.1903 | 0.1725 | 0.1598 | 0.1488 | 0.1488
BV1LiEtzMECx,月薪过万神仙岗:岗位多.要求低.竞争少.压力小-仓库组长、主管,主管 | 参观 | 经理 | 同学 | 要求 | 公司 | 经验 | 一年 | 采购 | 主观,0.5288 | 0.4347 | 0.3365 | 0.1744 | 0.1652 | 0.1392 | 0.1299 | 0.1179 | 0.1174 | 0.1127
BV1to3jzBEay,喜报喜报，我家宝宝长心啦，奢侈奖励自己14元大盒饭2荤一素,一头 | 咖啡 | 小孩 | 谢谢 | 哈哈哈哈 | 这家 | 心态 | 一半 | 土豆 | 喝点,0.4669 | 0.3731 | 0.3281 | 0.2874 | 0.2562 | 0.2523 | 0.2305 | 0.1889 | 0.1611 | 0.1556
BV1Ty421a7hx,8分钟了解一线城市就业现状、衣食住行及未来定居面临的压力,北京 | 港位 | 深圳 | 上海 | 城市 | 上市公司 | 萬人 | 當地 | 工業 | 分鐘,0.3542 | 0.3426 | 0.334 | 0.3051 | 0.2468 | 0.2294 | 0.1835 | 0.1529 | 0.1529 | 0.1307
BV1Cr4y1z7DV,再见吧996，我回村了！！,清理 | 回家 | 脚子 | 下水 | 迎接 | 战士 | 奋斗 | 将会 | 生理 | 相同,0.3008 | 0.1998 | 0.1939 | 0.1861 | 0.1861 | 0.1861 | 0.1798 | 0.1798 | 0.1798 | 0.1745
BV1154y1Y7bN,好好的寒假放了个寂寞:学校要求在家朝五晚十，大年夜还开班会！,教育 | 当中 | 学生 | 一条 | 内据 | 竞争 | 自杀 | 本质 | 全家 | 社会,0.2524 | 0.2192 | 0.2032 | 0.1958 | 0.1851 | 0.1667 | 0.1623 | 0.1445 | 0.1413 | 0.1252
BV1c6421V7x5,如果你手里有100万你会像这位大哥一样躺平吗？,大哥 | 配料 | 外卖 | 便宜 | 每天 | 干净 | 爱情 | 生活 | 女人 | 追求,0.3431 | 0.3336 | 0.2846 | 0.2614 | 0.2329 | 0.2182 | 0.2179 | 0.2055 | 0.1931 | 0.179
BV1dB4y1878T,我槽尼马，我刚提的新车！你怎么开的车,中学 | 运动,0.7684 | 0.64
BV1fK411y7Vv,压力面试：你能胜任这岗位吗？ 如何拿到更高薪资的Offer？,运营 | 规划 | 要求 | 符合 | 经验 | 能力 | 机会 | 那种 | 体育 | 便是,0.4411 | 0.3021 | 0.261 | 0.2361 | 0.2167 | 0.1805 | 0.1751 | 0.1573 | 0.1557 | 0.147
BV19h1BByEiG,摆烂扶贫全集,父亲 | 看着 | 保安 | 同学 | 这话 | 投资 | 医院 | 听到 | 失败 | 公司,0.2677 | 0.1666 | 0.1656 | 0.1583 | 0.1475 | 0.1442 | 0.1386 | 0.1352 | 0.1339 | 0.1256
BV1A2mfYYEEY,学姐kim回归，大女主爽文照进现实！04实习生踢馆压力拉满！ #令人心动的offer6 #朱绰盈,離開 | 我來 | 一局 | 還會 | 認識 | 好奇 | 相信 | 最大,0.9809 | 0.1268 | 0.077 | 0.0643 | 0.0634 | 0.0609 | 0.0443 | 0.0436
BV1A8Vdz7Ek5,艾特出能挑战这些动作的人,策略,1.0
BV1N6xKz6EK3,有钱能使鬼推磨？这是真的！,游戏 | 好人 | 討厭 | 連續 | 越來 | 文字 | 我家 | 小孩 | 不住 | 下面,0.4468 | 0.3973 | 0.298 | 0.2493 | 0.2157 | 0.1533 | 0.1438 | 0.1349 | 0.1323 | 0.1099
BV1T6oXY1ECk,拖车咱就找老登，一拖一个不吱声,半个 | 干什么 | 下车 | 坐下 | 手上 | 被困 | 来点 | 风景 | 别忘了 | 太好了,0.3686 | 0.3383 | 0.3241 | 0.2668 | 0.2457 | 0.1677 | 0.162 | 0.153 | 0.1494 | 0.1461
BV1oU4y1q788,月入过万智力障碍小哥：我不是你想象的那种智障,制装 | 同学 | 无人机 | 脑子 | 去过 | 问题 | 外卖 | 服务员 | 口罩 | 快递,0.3286 | 0.3141 | 0.2282 | 0.2178 | 0.1643 | 0.1457 | 0.1402 | 0.1095 | 0.1058 | 0.1058
BV12UDbY8Es6,我克隆了无数个躺平BOY来组成克隆大军！ROBLOX,爆炸 | 不會 | 裝備 | 速度 | 一下 | 客人 | 传终 | 旁邊 | 外面 | 出去,0.3035 | 0.2625 | 0.2472 | 0.2334 | 0.2279 | 0.2066 | 0.1648 | 0.1565 | 0.1432 | 0.1416
BV1Hr421376M,六级压力面试！你能撑到几级？,人力 | 剛剛 | 成績 | 確定 | 提起 | 學校 | 表現 | 危險 | 公共 | 不起,0.4028 | 0.3395 | 0.2367 | 0.2236 | 0.2182 | 0.2134 | 0.205 | 0.205 | 0.198 | 0.1919
BV14u411L7Af,队长机摆烂？没道理的，来点铠甲勇士的超模震撼！,小天 | 后面 | 欢迎 | 只能 | 技能 | 准备 | 金刚 | 一打 | 战斗 | 赶紧,0.5628 | 0.2451 | 0.2238 | 0.1636 | 0.1413 | 0.1081 | 0.1081 | 0.1044 | 0.1013 | 0.1
BV1dc41167vb,⚡摆烂王VS压力怪⚡,玩儿 | 哥们 | 以前 | 武器 | 当作 | 就别,0.5778 | 0.5625 | 0.4504 | 0.2989 | 0.2103 | 0.1156
BV1rm4y1p7PD,无处不在的行业内卷，面食届奇葩面食,高考 | 瞬间 | 难道 | 那一刻 | 时期 | 想不到 | 吸收 | 不看 | 五年 | 相似,0.415 | 0.3573 | 0.3498 | 0.2248 | 0.2248 | 0.2248 | 0.2199 | 0.2154 | 0.2113 | 0.204
BV1aA411t7c5,【全弹幕装填】官号删前原片实况！马云“商业本身就是最大的公益”演讲,阿里 | 創造 | 無論 | 阿里巴巴 | 疫情 | 商業 | 危機 | 價值 | 公益 | 無數,0.6742 | 0.2677 | 0.197 | 0.1924 | 0.1782 | 0.1731 | 0.1685 | 0.1685 | 0.1609 | 0.1338
BV1pCuxzHEgT,用一顿砂锅美食治愈职场压力,分得 | 十七 | 小龙 | 我放 | 設計 | 打開 | 解脱 | 反正 | 演唱 | 記住,0.4715 | 0.2915 | 0.2829 | 0.2754 | 0.2364 | 0.2211 | 0.1572 | 0.1541 | 0.1509 | 0.1509
BV15U4y167jt,中国企业，向国外输出996,员工 | 外国 | 中国 | 加班 | 国外 | 企业 | 公司 | 法律 | 加班费 | 德国,0.4943 | 0.3905 | 0.3674 | 0.2977 | 0.251 | 0.2057 | 0.2048 | 0.1498 | 0.1449 | 0.1406
BV1MhNae6EHq,导演回答申公豹为什么结巴:职场压力，真的满满都是细节,解放 | 謝謝 | 說話 | 設計 | 記得 | 生成 | 當時 | 其實 | 推演 | 部門,0.4106 | 0.329 | 0.2821 | 0.2287 | 0.2254 | 0.2223 | 0.2223 | 0.1656 | 0.146 | 0.146
BV1oB4y1u7Lo,《 9 9 6 ？福 报 ？呸 ！恶 心 ！》,十点 | 几点 | 下班 | 不准 | 原工 | 公司 | 休息 | 老板 | 辛苦 | 睡觉,0.7337 | 0.2904 | 0.2817 | 0.2001 | 0.1933 | 0.1518 | 0.1377 | 0.1198 | 0.0977 | 0.0924
BV1pK411m7yN,我也不想上学，但我的老师是初音未来哎,美女 | 小孩 | 一碗 | 学校 | 照片 | 未来 | 好吃 | 美人 | 好友 | 昨晚,0.3461 | 0.2698 | 0.2017 | 0.1875 | 0.1781 | 0.1765 | 0.161 | 0.1325 | 0.1325 | 0.128
BV1G54y167xQ,【JUMP】大学生够惨了，别加压力了。,大学生 | 问题 | 解决 | 大学 | 资格 | 普通人 | 高考 | 学生 | 教育 | 正确,0.4003 | 0.3547 | 0.3406 | 0.2477 | 0.2022 | 0.1914 | 0.1697 | 0.1662 | 0.1605 | 0.1179
BV1xV4y1b7rH,不是你抗压能力差，而是社会压力大！别再逼自己了，有毒的积极性只会让你“越努力越焦虑”！,努力 | 压力 | 社会 | 交律 | 方向 | 总是 | 一边 | 失败 | 有毒 | 自责,0.6936 | 0.1527 | 0.1458 | 0.1384 | 0.1257 | 0.1215 | 0.1215 | 0.1193 | 0.1181 | 0.1141
BV1rM4y1M7GS,第10期（上）：辣椒也内卷？围观全球吃辣高阶段位【非正式会谈第6.5季】,養樂多 | 厲害 | 非洲 | 播出 | 看過 | 謝謝 | 你好 | 六點 | 高速 | 開心,0.495 | 0.4729 | 0.2168 | 0.2069 | 0.2027 | 0.1785 | 0.1663 | 0.1584 | 0.1351 | 0.1326
BV1Xz421z7Ys,我克隆了无数个躺平BOY来占领游乐场！ROBLOX,一個 | 舞蹈 | 爆炸 | 怎麼 | 升級 | 購買 | 小女孩 | 不會 | 一下 | 客人,0.4828 | 0.3241 | 0.2335 | 0.1864 | 0.1783 | 0.1776 | 0.1716 | 0.1571 | 0.1535 | 0.1391
BV1Q84y1S7Gk,来深圳打工后，我才知道：“人不仅仅要活着…”,我媽 | 一個 | 我媽媽 | 回家 | 同時 | 不過 | 當然 | 袋子 | 我覺 | 不停,0.4027 | 0.3698 | 0.2237 | 0.1845 | 0.1488 | 0.1392 | 0.138 | 0.1342 | 0.1259 | 0.1134
BV13DJVzsEkK,沙漏腰3.0进阶｜30分钟站立无跑跳核心训练｜髋灵活、胸椎灵活提升,吸氣 | 動作 | 繼續 | 咱們 | 呼吸 | 呼氣 | 注意 | 一個 | 重新 | 訓練,0.5528 | 0.3031 | 0.205 | 0.188 | 0.1829 | 0.1645 | 0.1638 | 0.161 | 0.151 | 0.1382
BV1Kf421B7Su,现在医疗不同往日，只有主任有 KPI压力，一线干活都是能躲就躲的，你不能怪别人躲，换你一样躲，但反过来想，一线没有 KPI压力，但是主任有啊。,患者 | 解决 | 抽出 | 问题 | 排除 | 职业 | 如果说 | 领导 | 建议 | 明显,0.2752 | 0.227 | 0.215 | 0.2136 | 0.1696 | 0.1668 | 0.1616 | 0.1477 | 0.1362 | 0.1338
BV1YM1LYXEiu,给中年失业者的自救建议，不破不立！,能力 | 一個 | 成長 | 記住 | 學習 | 那麼 | 打工 | 公司 | 創業 | 下來,0.2603 | 0.2317 | 0.207 | 0.186 | 0.1724 | 0.1603 | 0.1507 | 0.1481 | 0.1453 | 0.1397
BV1R94y1w74n,在世界500强的顶级公司上班，却丝毫没任何的压力，有多潇洒？,公司 | 壓力 | 工作 | 強的 | 這才 | 幾點 | 舒服 | 公室 | 回到 | 上班,0.3486 | 0.2267 | 0.2188 | 0.1702 | 0.1595 | 0.1553 | 0.1529 | 0.1482 | 0.1477 | 0.143
BV1Tm4y1U7CY,爆款编剧炮轰996：上8小时班是人的极限了,八角 | 女性 | 社会 | 不敢 | 睡觉 | 公务员 | 希望 | 发生 | 有所 | 结婚,0.3206 | 0.3076 | 0.2048 | 0.1824 | 0.1724 | 0.1603 | 0.1596 | 0.1421 | 0.1364 | 0.1319
BV1xr421V7oN,上节目摆烂带娃，女儿哭了我也跟着哭【P5】,媽媽 | 女兒 | 怎麼 | 言言 | 恐懼 | 一個 | 眼眼 | 演演 | 那麼 | 不會,0.2138 | 0.2056 | 0.1973 | 0.1958 | 0.1762 | 0.1704 | 0.1632 | 0.1567 | 0.144 | 0.1386
BV1St4y1B75X,关于我从年薪三十万996大厂离职变成废物这档事,离职 | 工作 | 黑人 | 分到 | 感觉 | 时间 | 那种 | 动机 | 周六 | 公司,0.4649 | 0.2185 | 0.2066 | 0.181 | 0.1723 | 0.1471 | 0.1452 | 0.1437 | 0.1357 | 0.1354
BV1ua411U7Hu,我昨天晚上到底把充电器插到了哪里,送給 | 媽媽 | 水中 | 天空 | 謝謝 | 放下 | 限制,0.4559 | 0.4026 | 0.3879 | 0.3643 | 0.3545 | 0.35 | 0.3143
BV1Hz421B7dy,富二代摆烂记1,二代 | 有什麼 | 怎麼 | 好看 | 保持 | 有個 | 謝謝 | 身份 | 拿到 | 一份,0.3854 | 0.3065 | 0.2697 | 0.2567 | 0.2436 | 0.193 | 0.193 | 0.1744 | 0.1573 | 0.1517
BV1ag4y1f7Vf,小伙在家改造氛围感卧室，老婆实现24小时躺平自由,老婆 | 智能 | 经常 | 生日 | 换成 | 这款 | 打游戏 | 床上 | 模式 | 舒服,0.5871 | 0.4657 | 0.2277 | 0.1645 | 0.1613 | 0.1613 | 0.1585 | 0.1585 | 0.1199 | 0.1155
BV1MV4y1N797,【三悦有了新工作】打工人突然的情绪崩溃其实都是一次次委屈的累积,剩下 | 不错,0.7305 | 0.6829
BV1M19iY4EjT,66岁的姨无人能挡,願意 | 母亲 | 往前 | 放到 | 前面 | 怎麼 | 整个 | 原因 | 不想,0.429 | 0.4213 | 0.4213 | 0.3515 | 0.2736 | 0.269 | 0.2661 | 0.2477 | 0.2408
BV1qAB4YTEEM,遭遇手榴弹怎么办？ 躺平双脚护头颈，跳入水中更避险！,爆炸 | 年度 | 新人 | 释放 | 迅速 | 瞬间 | 保护 | 安全 | 产生 | 身体,0.3918 | 0.2175 | 0.2033 | 0.1959 | 0.1746 | 0.1687 | 0.1618 | 0.1573 | 0.1407 | 0.1295
BV1ju411D749,“觉得”工作不快乐，想要辞职，结果...,工作 | 帮助 | 公司 | 时间 | 问题 | 抱怨 | 领导 | 分享 | 状态 | 频道,0.3965 | 0.2416 | 0.2327 | 0.2288 | 0.2268 | 0.2024 | 0.183 | 0.1781 | 0.1689 | 0.1664
BV1gEGQzLErX,广东仔十来年只干日结，保安，快递，搬货,那種 | 一個 | 大神 | 那邊 | 我現 | 不會 | 特別 | 怎麼 | 沒什麼 | 保安,0.3493 | 0.2937 | 0.1924 | 0.1759 | 0.1743 | 0.1726 | 0.1599 | 0.1512 | 0.1504 | 0.1441
BV1Ui4y1U7LD,成都街边15元自助餐，20道菜让“打工人”吃饱又吃好，85岁老人吃饭不要钱,隨便 | 晚餐 | 一口 | 一家 | 十五 | 多多 | 特別 | 好吃 | 程度 | 一年,0.2968 | 0.2476 | 0.2319 | 0.218 | 0.2107 | 0.1814 | 0.1707 | 0.1558 | 0.1535 | 0.1444
BV14e4y1s7Pq,学不动了怎么办！如何把自己从厌学情绪中救出来，停止摆烂！ ft. 我的厌学故事和自救 把专注力重新聚起来,情绪 | 当时 | 练习 | 东西 | 感觉 | 专注 | 想法 | 能力 | 正面 | 同学,0.3475 | 0.2967 | 0.2589 | 0.2412 | 0.1891 | 0.1492 | 0.1482 | 0.1313 | 0.1312 | 0.1281
BV114421Z773,#论销售的最高境界 #金牌销售 #销售从业者如何缓解压力调整心态,打击 | 大哥 | 过来 | 你别 | 下班 | 女人 | 危险 | 黄金 | 一本 | 职业,0.5601 | 0.2756 | 0.2451 | 0.2148 | 0.194 | 0.1862 | 0.1862 | 0.1432 | 0.1346 | 0.1299
BV12P4y1r7Kx,&quot;完蛋了&quot;放在嘴上的韩国人 躺的很平又摆烂,韩国 | 爱情 | 热血 | 算了 | 世界 | 文化 | 对抗 | 幸福 | 出个 | 老实,0.7455 | 0.1662 | 0.1326 | 0.1248 | 0.1218 | 0.1216 | 0.1193 | 0.1031 | 0.0994 | 0.0895
BV1aU2rB9EbM,发工资了去山姆边吃边逛在做一个无敌大餐庆祝一下,来来来 | 好吃 | 味道 | 再来 | 下入 | 牛奶 | 几天 | 口味 | 毛毛 | 一锅,0.2751 | 0.2529 | 0.2529 | 0.237 | 0.1773 | 0.1726 | 0.1572 | 0.1554 | 0.1513 | 0.1462
BV1Ep4y1r7zf,当你撑不住了，一定要进来看一下！,看得 | 失敗 | 光明 | 隨著 | 照顧 | 會給 | 未來 | 普通 | 吃饱 | 一種,0.5498 | 0.3457 | 0.305 | 0.2967 | 0.2526 | 0.244 | 0.2187 | 0.2162 | 0.2155 | 0.1652
BV1Kv4y167AY,冰淇淋内卷，你吃过钻石冰淇淋嘛？,有過 | 身邊 | 放心 | 小孩 | 心情 | 一個,0.5423 | 0.4614 | 0.3849 | 0.3811 | 0.3672 | 0.2544
BV1GJ8MzqE1p,两年前这部动画火爆出圈，打工人集体破防，山的外面还是山，我们什么时候可以出去看一看,大王 | 主要 | 白毛 | 天地 | 心底 | 团队 | 看似 | 妈妈 | 听到 | 大人,0.4985 | 0.2283 | 0.2014 | 0.1451 | 0.1401 | 0.14 | 0.136 | 0.1243 | 0.1184 | 0.1153
BV1mW421R7LD,当同桌开始内卷！,學習 | 怎麼 | 不学 | 学习 | 資料 | 往往 | 連上 | 吸血 | 高校 | 学家,0.391 | 0.3458 | 0.2746 | 0.2287 | 0.2249 | 0.198 | 0.1318 | 0.1273 | 0.1235 | 0.1235
BV1ya411c7Da,一次性上班,突破,1.0
BV1fb421E7pE,呱呱和白雪又开始内卷了...,年纪 | 花花 | 开学 | 干什么 | 学学 | 我会 | 成绩 | 第一 | 学习 | 第二,0.505 | 0.4478 | 0.2095 | 0.2029 | 0.2012 | 0.1807 | 0.1752 | 0.1404 | 0.1163 | 0.1163
BV1su411Y73f,【深岩银河】萌新矿工996超详细入门指南，帮助你快速入坑  上,遊戲 | 武器 | 職業 | 傷害 | 一個 | 這些 | 等級 | 模組 | 一下 | 推薦,0.4956 | 0.3792 | 0.2366 | 0.1908 | 0.1566 | 0.1561 | 0.1415 | 0.1415 | 0.1258 | 0.1218
BV1Dm4y1N778,【深度科普】长期摆烂，如何恢复体能？,運動 | 神經 | 心跳 | 呼吸 | 系統 | 跑步 | 停下 | 提升 | 方法 | 狀態,0.5275 | 0.4271 | 0.3097 | 0.255 | 0.2074 | 0.1758 | 0.1644 | 0.1339 | 0.1329 | 0.1063
BV1iz421o7E9,上节目摆烂带娃，女儿哭了我也跟着哭【P2】,女兒 | 老實 | 演演 | 處理 | 老爸 | 難道 | 互相 | 玩具 | 教育 | 啊啊啊,0.3382 | 0.2819 | 0.2706 | 0.1766 | 0.1691 | 0.1646 | 0.151 | 0.151 | 0.1402 | 0.1353
BV1dz4y1a7n6,深坑的奇葩小夜灯！真的，谁买我笑话谁！,實際上 | 價值 | 便是 | 一個 | 大幅 | 價格 | 下方 | 系列 | 剛剛 | 好看,0.3332 | 0.3244 | 0.3244 | 0.3222 | 0.3033 | 0.2975 | 0.2744 | 0.2604 | 0.2463 | 0.2368
BV14T411g7g3,「片场日记」铁柱大导演鲨疯了！带着满身的才华掀起广告圈内卷,回来 | 一圈 | 妈妈 | 谢谢 | 东西,0.8233 | 0.3411 | 0.3029 | 0.2802 | 0.1885
BV1hQ4y1h7zP,青铜误入王者局（二），菜鸟误入大神局成为王者队伍走向巅峰的绊脚石，骑行界内卷很严重,多公里 | 上海 | 上线 | 公里 | 实力 | 水平 | 旁边 | 看起来 | 队友 | 总算,0.2802 | 0.2485 | 0.2174 | 0.2174 | 0.2107 | 0.1845 | 0.1826 | 0.1775 | 0.1733 | 0.1636
BV19dpSzqEhp,现在的应届生求职压力大的不是一点点啊！,家里 | 对不起 | 投资 | 抱歉 | 正在 | 内容 | 认为 | 当时 | 方式 | 共产,0.3218 | 0.3032 | 0.2373 | 0.2325 | 0.2234 | 0.1782 | 0.1737 | 0.1609 | 0.1385 | 0.1316
BV1Rc411H7wW,“天啊，他才两岁啊！”苏州书香世家的孩子，从出生就开始内卷…,改造 | 空間 | 客廳 | 同步 | 房間 | 老師 | 房子 | 設計師 | 容量 | 功能,0.3498 | 0.2167 | 0.1944 | 0.1944 | 0.1662 | 0.1562 | 0.156 | 0.1296 | 0.1296 | 0.1255
BV1bN4y1d761,李隆基是怎么一步步躺平的？,太子 | 天子 | 关门 | 皇帝 | 全力 | 百姓 | 时期 | 老百姓 | 公众 | 一身,0.3594 | 0.301 | 0.2889 | 0.2636 | 0.2321 | 0.1506 | 0.147 | 0.1438 | 0.1196 | 0.1078
BV1eN41197of,“你是小丑吗？Cheems”,保重 | 第五 | 从事 | 我給 | 辦法 | 我來 | 忘记 | 立刻 | 根據 | 回答,0.33 | 0.3093 | 0.3011 | 0.2624 | 0.2547 | 0.2547 | 0.2547 | 0.2512 | 0.2478 | 0.231
BV1gCw3z6EG3,当你工作压力很大又不会抽烟时,加油,1.0
BV1q84y1b7Bo,第一批回村的猫咪，有的血脉觉醒，有的早已开始摆烂,我來 | 擺爛 | 一開始 | 各種 | 胖子 | 老鼠 | 新鮮 | 窗外 | 一個 | 桌上,0.5936 | 0.2972 | 0.2624 | 0.2088 | 0.1538 | 0.1538 | 0.1486 | 0.1442 | 0.1394 | 0.1339
BV1H44y117f7,“cheems，你被生活打倒了吗？”,甚麼 | 一個 | 寂寞 | 好友 | 幸好 | 確定 | 你們 | 看過 | 其實 | 歡迎,0.3471 | 0.2265 | 0.1735 | 0.1666 | 0.152 | 0.152 | 0.1475 | 0.1421 | 0.1417 | 0.1369
BV1QA411D7DT,在老家盖一座小别墅需要多少钱？,房子 | 旁边 | 二楼 | 餐厅 | 下来 | 一共 | 粉丝 | 大概 | 参观 | 开箱,0.67 | 0.2177 | 0.2065 | 0.1789 | 0.1612 | 0.1585 | 0.153 | 0.1204 | 0.1069 | 0.1032
BV12s4y1c7zt,假如面试都说真话,六個 | 公子 | 你們 | 過來 | 北上 | 二十年 | 三人 | 新生 | 千萬 | 眼裡,0.4846 | 0.3872 | 0.2962 | 0.2512 | 0.1742 | 0.1615 | 0.1615 | 0.1567 | 0.1567 | 0.1567
BV1FY41187MM,黄金矿工也能内卷？吸铁钩摇摆钩还有核动力连发钩！网友：看笑了,黄金 | 大神 | 玩得 | 人类 | 底下 | 几十 | 翻身 | 口子 | 这颗 | 体面,0.4101 | 0.4101 | 0.2734 | 0.2249 | 0.2223 | 0.1535 | 0.1483 | 0.1483 | 0.1483 | 0.1483
BV1RN4y117Lo,一个人一台电脑就能过上躺平人生？不想上班的有救了！,网站 | 玩玩 | 老外 | 设计 | 照片 | 马斯克 | 几千 | 店家 | 上传 | 几个,0.5379 | 0.3358 | 0.2571 | 0.1763 | 0.1729 | 0.1339 | 0.1286 | 0.1242 | 0.1242 | 0.1236
BV1c34y1a7cG,5毛一袋雪莲！这些“躺平雪糕”吊打雪糕刺客！！！,那种 | 味道 | 水果 | 夏天 | 绝对 | 好吃 | 五毛 | 一员 | 后来 | 统一,0.3713 | 0.37 | 0.2711 | 0.2083 | 0.1924 | 0.185 | 0.1585 | 0.1427 | 0.142 | 0.1325
BV1jVJczwEHw,如果有吃有喝还能躺着玩手机，你能坚持多久？冠军可得1000欧元？！,直播 | 起來 | 活動 | 超過 | 咱們 | 點鐘 | 上車 | 玩手 | 資本 | 糖果,0.3281 | 0.2155 | 0.1735 | 0.1586 | 0.1546 | 0.1466 | 0.1408 | 0.1408 | 0.136 | 0.136
BV1WPsqeAEBs,学姐kim回归，大女主爽文照进现实！04实习生踢馆压力拉满！,你們 | 謝謝 | 终于 | 观察 | 四個 | 我来 | 成功 | 生生 | 兩位 | 超大,0.3306 | 0.3154 | 0.2479 | 0.2343 | 0.2301 | 0.1882 | 0.143 | 0.14 | 0.14 | 0.1312
BV1864y187PN,出生人口暴跌，别再内卷了,工資 | 社會 | 行業 | 下降 | 擴大 | 整個 | 一個 | 升級 | 越來 | 公子,0.2853 | 0.2615 | 0.2297 | 0.1852 | 0.1777 | 0.1688 | 0.1674 | 0.1665 | 0.1646 | 0.1536
BV14w56z5EUj,国家给了5个硬核网站，每个都关乎终身大事！,情況 | 網站 | 法律 | 提前 | 是否 | 瞭解 | 一二 | 對象 | 記錄 | 夫妻,0.3841 | 0.2884 | 0.2881 | 0.2258 | 0.1997 | 0.1502 | 0.1442 | 0.1442 | 0.1393 | 0.1393
BV1nz4y1k7da,【令人心动的offer2】新实习生来报道！清华学霸扎堆，华尔街顶级律所实习，学历天花板要来了吗？哈哈哈哈哈难怪实习生们压力倍增,畢業 | 本科 | 法院 | 我覺 | 律師 | 贏了 | 大學 | 成熟 | 學習 | 一個,0.3838 | 0.3503 | 0.3283 | 0.2566 | 0.2335 | 0.2256 | 0.2079 | 0.1777 | 0.1732 | 0.1587
BV1W8411F7GX,躺平减肥绝不少吃多动！2个月时间我浴火重生了~,听见 | 白天 | 一路 | 不见 | 神奇 | 不知 | 时间 | 考虑 | 明天 | 过去,0.3128 | 0.2845 | 0.2705 | 0.1848 | 0.1848 | 0.163 | 0.1584 | 0.1538 | 0.1526 | 0.1353
BV1m3q3BNELT,木筏僵尸求生：飞机意外坠落，周围全是僵尸！,强大 | 升级 | 人口 | 攻击 | 五个 | 植物 | 更加 | 主机 | 终于 | 下期,0.2504 | 0.1935 | 0.1852 | 0.1805 | 0.1782 | 0.1521 | 0.149 | 0.148 | 0.1437 | 0.1417
BV1p8411s7ow,诺奖得主：我的工作强度从未达到996丨对话诺奖得主！,我會 | 西方 | 物理 | 一個 | 科學 | 說法 | 回答 | 觀點 | 一種 | 科研,0.7023 | 0.1904 | 0.1838 | 0.1804 | 0.1706 | 0.1557 | 0.1194 | 0.1137 | 0.1116 | 0.1099
BV17w4m1Q7Wn,在上海花12块就能给一个男人带来快乐，打工人的快乐很简单,黄瓜 | 一双 | 两张 | 面条 | 干杯 | 朋友 | 小葱 | 再来点 | 好香 | 料理,0.5233 | 0.2512 | 0.2426 | 0.2354 | 0.2237 | 0.1966 | 0.1744 | 0.1744 | 0.1618 | 0.1569
BV1E14y1X7Su,像不像上班时的你,下班 | 注意 | 每天 | 有事 | 几次 | 吃饭 | 下次 | 家里 | 上班 | 小时,0.4465 | 0.4093 | 0.3444 | 0.3041 | 0.2817 | 0.2488 | 0.2488 | 0.2185 | 0.2072 | 0.201
BV1uz4y1A7KD,可可西里网红狼，躺平生活惨遭破坏,大哥 | 脱离 | 网红 | 记忆 | 可怕 | 大街 | 找到 | 大陆 | 火腿 | 早饭,0.2886 | 0.2711 | 0.2711 | 0.2198 | 0.2166 | 0.1462 | 0.1449 | 0.1403 | 0.1403 | 0.1315
BV1n84y1U7d7,10个打工人变态神器，我打算节后偷偷用起来,转化 | 免费 | 生成 | 神奇 | 模板 | 解除 | 轻轻 | 完成 | 半年 | 工具,0.4339 | 0.2143 | 0.2051 | 0.1998 | 0.1684 | 0.1639 | 0.1532 | 0.143 | 0.1429 | 0.1387
BV1T64y1e7vh,本是平平无奇的打工人，爆发起来竟然如此强,清楚 | 走走 | 力量 | 研究 | 里头 | 收尾 | 定位 | 教教 | 人来 | 快要,0.4452 | 0.4176 | 0.3828 | 0.2209 | 0.1803 | 0.1803 | 0.1803 | 0.1742 | 0.169 | 0.1645
BV1af4y1t7sv,【足球的悲哀】欧洲杯为啥没人看了？第一运动真的凉了？,欧洲 | 比赛 | 热度 | 媒体 | 大赛 | 版权 | 解说 | 降低 | 时代 | 运动,0.4846 | 0.2699 | 0.2585 | 0.2205 | 0.1795 | 0.1723 | 0.1293 | 0.1233 | 0.0971 | 0.0958
BV17QrUBTEAt,我要吞噬掉所有星球来创造全新的宇宙！,宇宙 | 升級 | 吸收 | 星球 | 這邊 | 一下 | 一個 | 太陽 | 試試 | 太阳,0.3827 | 0.3132 | 0.2561 | 0.2406 | 0.2322 | 0.2311 | 0.1938 | 0.1667 | 0.1464 | 0.1464
BV1kU4y1r7fP,有趣的灵魂万里挑一，摆烂的理由多种多样！,休息 | 放在 | 包子 | 老板 | 主要 | 稍后 | 着急 | 对此 | 人去 | 主角,0.5443 | 0.4982 | 0.2471 | 0.1579 | 0.1383 | 0.1273 | 0.1273 | 0.1235 | 0.1203 | 0.1203
BV1ti4y1c7nu,【医学博士】死亡前的征兆是什么？I 猝死前如何正确自救,新机 | 新浪 | 学会 | 公司 | 血管 | 引起 | 父母 | 引发 | 休息 | 电视,0.3956 | 0.2967 | 0.1783 | 0.1512 | 0.1424 | 0.1329 | 0.1253 | 0.124 | 0.1225 | 0.1171
BV12TGXzrECG,替活业务已初见端倪。,我俩 | 儿子 | 底线 | 我来 | 他俩 | 毫无 | 上班 | 老公 | 享受 | 感谢,0.5089 | 0.3579 | 0.3054 | 0.1971 | 0.1888 | 0.1702 | 0.1641 | 0.1554 | 0.1415 | 0.1278
BV1cp4ezSENV,原价699元的帝王蟹佛跳墙，打骨折才卖209元，这么便宜质量如何？,外賣 | 應該 | 咱們 | 剪刀 | 一個 | 其實 | 一下 | 價格 | 那種 | 第一次,0.3672 | 0.3351 | 0.2387 | 0.2263 | 0.2215 | 0.2156 | 0.1844 | 0.1818 | 0.1505 | 0.1492
BV1BN411B7Eb,学会这套心态建设，破解一切压力！轻松拿捏考学职场生活压力,考验 | 数学 | 思维 | 经验 | 目标 | 规划 | 赚钱 | 计划 | 压力 | 感觉,0.4225 | 0.3538 | 0.3465 | 0.333 | 0.3201 | 0.2321 | 0.154 | 0.1441 | 0.122 | 0.1075
BV1B4421Q7jt,（ 狮 兄 当 老 板 ， 神 仙 都 得 喘 ）,坐坐 | 谢谢 | 控制 | 快来 | 天真 | 留个 | 嘴巴 | 放过 | 一本 | 东西,0.4268 | 0.3806 | 0.252 | 0.2061 | 0.2061 | 0.1947 | 0.19 | 0.19 | 0.1786 | 0.1707
BV1PE421u7cw,上节目摆烂带娃，女儿哭了我也跟着哭【P4】,女兒 | 老爸 | 考慮 | 怎麼 | 兒子 | 媽媽 | 幸福 | 一個 | 關於 | 難道,0.3042 | 0.2173 | 0.1977 | 0.1703 | 0.1651 | 0.1582 | 0.1503 | 0.147 | 0.1344 | 0.1269
BV1Cf4y1W7av,马云的福报来了,商業 | 動力 | 公益 | 心態 | 日常 | 用到 | 最大 | 工作,0.4363 | 0.4053 | 0.4053 | 0.3826 | 0.3496 | 0.3496 | 0.247 | 0.1709
BV1SV4y1u7E6,【小心肝～】加班996熬夜党必看！酒精人偷偷内卷背后功臣竟然是它？,朝鲜 | 身体 | 堅持 | 人群 | 几次 | 英雄 | 保护 | 专业 | 后来 | 进去,0.2015 | 0.1641 | 0.1602 | 0.1602 | 0.1534 | 0.1494 | 0.1368 | 0.1342 | 0.1253 | 0.1234
BV1TU4y197um,“当代摆烂猫现状...”,学学 | 太子 | 下来 | 我要,0.6685 | 0.5821 | 0.3361 | 0.3184
BV1AY411w7zE,花1亿给员工包车，20年没人离职！他跟996对着干，却年赚230亿,品牌 | 中國 | 國際 | 日本 | 市場 | 企業 | 行業 | 一個 | 擁有 | 父親,0.3529 | 0.3356 | 0.2613 | 0.2361 | 0.2185 | 0.1905 | 0.1561 | 0.14 | 0.1207 | 0.1207
BV1yxr9B8EjY,AI电影短片 | 暖惊悚 x 科幻人文《守夜人与摇篮曲》【B站AI创作大赛-开放赛道】,需求 | 手机 | 妈妈 | 五百 | 上午 | 人类 | 老板 | 死去 | 在手 | 三点,0.4437 | 0.443 | 0.4303 | 0.1748 | 0.1723 | 0.1635 | 0.1337 | 0.1116 | 0.1046 | 0.1046
BV1mE7WzuEvN,教育内卷，已经到了必须要结束的时候了,考試 | 教育 | 一個 | 制度 | 人才 | 中國 | 培養 | 學生 | 高考 | 畢業,0.3413 | 0.298 | 0.2894 | 0.2132 | 0.1919 | 0.185 | 0.1663 | 0.1391 | 0.1313 | 0.1313
BV1rH4y1p7VF,现在驱动大家去工作的，不再是欲望，而是恐惧,上班 | 很棒 | 工作 | 更好 | 买房 | 失业 | 职场 | 互联 | 正前 | 我要,0.3715 | 0.2954 | 0.2437 | 0.1846 | 0.1659 | 0.1603 | 0.1603 | 0.1603 | 0.1603 | 0.158
BV1krPAejE7v,我要爬上月球玩到世界上最高的过山车！ROBLOX,速度 | 加加 | 上去 | 下去 | 右边 | 加速 | 一下 | 上面 | 加油 | 一個,0.283 | 0.2472 | 0.2251 | 0.2191 | 0.2183 | 0.1975 | 0.1975 | 0.1961 | 0.1875 | 0.1739
BV1x6BeBqE6v,下班花78块买一堆打折菜回出租屋里一个人过生日吃羊蝎子火锅,蛋糕 | 打车 | 好吃 | 下入 | 再来 | 一下 | 下来 | 鸡肉 | 过来 | 来来来,0.4006 | 0.2712 | 0.259 | 0.2179 | 0.2124 | 0.1794 | 0.1753 | 0.1592 | 0.1575 | 0.1566
BV1jd4y1Q7YC,5毛闪电爽！小时候的“躺平糖果”，大把大把炫太过瘾了！,嘴巴 | 糖果 | 平均 | 小时候 | 上学 | 放学 | 上面 | 那种 | 好吃 | 记得,0.3033 | 0.2632 | 0.2465 | 0.2046 | 0.182 | 0.1779 | 0.1739 | 0.1662 | 0.1656 | 0.1555
BV1dy4y177ME,全国政协委员李国华建议: 对996工作制进行监管,企業 | 現象 | 制度 | 工作 | 大小 | 進行 | 表示 | 存在 | 困難 | 互聯網,0.5248 | 0.2843 | 0.2368 | 0.2345 | 0.2284 | 0.2146 | 0.2126 | 0.1822 | 0.1542 | 0.1542
BV1zeApefECk,太离谱了！居然还可以这么工作,努力 | 疫苗 | 明天 | 工人 | 海外 | 空氣 | 早期 | 專門 | 花花 | 勞動,0.437 | 0.3735 | 0.2507 | 0.247 | 0.1977 | 0.1868 | 0.1868 | 0.1823 | 0.1823 | 0.1823
BV1uo4y1w7rL,当代00后整顿职场,過了 | 下班 | 我還 | 一分 | 想法 | 怎麼 | 他現 | 到底 | 平日 | 行走,0.3482 | 0.3361 | 0.3002 | 0.279 | 0.2348 | 0.1949 | 0.1857 | 0.1849 | 0.1741 | 0.1695
BV19oBKYkEqL,赵老师布置的作业太多了...1班直接集体摆烂！,日本 | 好吃 | 得到 | 花椒 | 都行 | 请问 | 太好了 | 太太 | 一模 | 特色,0.3149 | 0.2819 | 0.2448 | 0.224 | 0.2174 | 0.2065 | 0.202 | 0.202 | 0.1978 | 0.1941
BV1dDp4zkEEb,当你工作压力很大，但又不会抽烟时belike：,一下,1.0
BV141421t7gG,小伙饿坏了，买了一份广东打工人最爱的猪脚饭，狼吞虎咽吃着很过瘾,广州 | 转转 | 辣椒 | 兄弟 | 米饭 | 广东 | 平台 | 便宜 | 一辆 | 一下,0.3801 | 0.3333 | 0.3124 | 0.2551 | 0.161 | 0.161 | 0.1606 | 0.1567 | 0.1562 | 0.1543
BV1RvAzeAEP9,我不想一辈子都给有钱人当奴隶，妈妈,一個 | 一輩子 | 父母 | 表情 | 父親 | 爺爺 | 那兒 | 一張 | 過的 | 一樣,0.3246 | 0.2905 | 0.2626 | 0.193 | 0.1658 | 0.1658 | 0.1592 | 0.1492 | 0.1492 | 0.1372
BV1Ab4y187eb,你努力学习 树叔很开心；但是你内卷的态度，树叔不喜欢...,少爷 | 太快 | 重视 | 带走 | 反应 | 不吃 | 放到 | 马上 | 本来 | 增加,0.395 | 0.3702 | 0.3305 | 0.3093 | 0.3006 | 0.2826 | 0.2708 | 0.2419 | 0.24 | 0.2348
BV1tY411F7kV,花里胡哨？相对与普通办公椅子，人体工学椅是如何让你坐的健康又舒适,支撑 | 不同 | 椅子 | 身高 | 放松 | 身体 | 往后 | 进行 | 高度 | 舒适,0.4085 | 0.2247 | 0.2077 | 0.2073 | 0.201 | 0.1888 | 0.173 | 0.1602 | 0.1532 | 0.1441
BV1FRTszMEMH,企业家光鲜的背后，是压力和责任！,一遍 | 公司 | 每天 | 一個 | 資格 | 真正 | 月光 | 一行 | 學生 | 老師,0.6436 | 0.4439 | 0.227 | 0.221 | 0.1626 | 0.1594 | 0.157 | 0.1416 | 0.1416 | 0.136
BV1FC4y1n73U,一个方法同时改善记忆力、专注力、创造力、压力感，脑科学研究：对大脑最好的投资！,大脑 | 运动 | 注意力 | 信息 | 活动 | 压力 | 增加 | 散步 | 分钟 | 提升,0.6702 | 0.2675 | 0.1676 | 0.1491 | 0.1416 | 0.1244 | 0.1144 | 0.1097 | 0.1073 | 0.1023
BV1F44y1G74w,985废物 考研失败 小县城工作 摆烂都需要门槛了,考虑 | 蛋糕 | 一碗 | 一遍 | 本事 | 那像 | 讲话 | 思念 | 差一点 | 不到,0.3066 | 0.2634 | 0.2521 | 0.2185 | 0.16 | 0.1552 | 0.1552 | 0.1552 | 0.1552 | 0.1548
BV1ErokYNEaj,0324纸牌-古代篡位真不容易2摆烂吧老铁,家族 | 一步 | 影子 | 将近 | 培养 | 下载 | 看待 | 古代 | 医生 | 去世,0.836 | 0.1841 | 0.149 | 0.1422 | 0.1422 | 0.1422 | 0.1422 | 0.1393 | 0.1367 | 0.1343
BV1Lo4y157Pa,我 不 学 习,謝謝 | 牛排 | 信息 | 超級 | 再來 | 進去 | 小姐 | 中間 | 有什麼 | 同學,0.6208 | 0.3992 | 0.3493 | 0.3396 | 0.1729 | 0.1698 | 0.1698 | 0.1643 | 0.1643 | 0.1618
BV1Fh411T7AK,青蛙卖崽都这么内卷的吗？,青蛙 | 一位 | 娃娃 | 技巧 | 不僅 | 不敢 | 演唱 | 練習 | 水上 | 延迟,0.8702 | 0.3576 | 0.1345 | 0.1144 | 0.1008 | 0.0765 | 0.0696 | 0.0696 | 0.0673 | 0.0673
BV1TV411u7oW,它没钱没流量，却吊打内娱古偶摆烂的市场！【古相思曲】,不少 | 能够 | 男生 | 一世 | 一個 | 故事 | 不願 | 內容 | 喜歡 | 作者,0.3506 | 0.3225 | 0.2179 | 0.1667 | 0.1449 | 0.1312 | 0.1284 | 0.1193 | 0.1174 | 0.1169
BV1ub4y1x7Tc,《情侣间的内卷行为》最近天气变暖和了，和男朋友一起减肥竟然发生了这些事,干嘛 | 我俩 | 玉米 | 下个 | 我怕 | 天气 | 行为 | 快点 | 风险 | 运动,0.6145 | 0.2593 | 0.2405 | 0.2271 | 0.2271 | 0.2123 | 0.1921 | 0.1921 | 0.1895 | 0.1846
BV1ETKPejEnK,34岁成功转外企，如何在没有考试压力的情况下把英语捡起来？教你3个方法,资料 | 学习 | 音乐 | 程度 | 口语 | 节奏 | 一块钱 | 报名 | 经典 | 方式,0.6284 | 0.4876 | 0.3166 | 0.1262 | 0.1098 | 0.0938 | 0.0938 | 0.0938 | 0.0882 | 0.0803
BV1Vz4y1A7LT,前方高能！这10个神器真的是打死也不能删！,生成 | 神器 | 網站 | 打開 | 自動 | 視頻 | 輸入 | 免費 | 就會 | 選擇,0.5958 | 0.3479 | 0.2609 | 0.2548 | 0.2323 | 0.1789 | 0.1739 | 0.163 | 0.1515 | 0.1231
BV1yKZxB4EeY,假如神仙赐福也内卷,机箱 | 报复 | 出手 | 合法 | 未必 | 几点 | 宝贝 | 一体 | 指出 | 一辈子,0.2664 | 0.2574 | 0.2497 | 0.2431 | 0.232 | 0.232 | 0.232 | 0.2273 | 0.2273 | 0.2229
BV1YK411x7Tg,【断网补全计划26】南方小土豆，古埃及掌管xx神，张杰卫视，麒麟牙刷，巨人音乐会，漫展无料，五月天科目三，奥德彪全名，一菊腚输赢，电影解说内卷，赛博道歉声明,网友 | 电影 | 南方 | 唱歌 | 解决 | 比赛 | 举报 | 后来 | 演唱 | 一部,0.3593 | 0.2019 | 0.1635 | 0.1416 | 0.1396 | 0.1326 | 0.1322 | 0.1316 | 0.1269 | 0.124
BV1KpYveDEJb,这样的提拔让我压力山大,压力 | 说明 | 提升 | 下一代 | 公民 | 有所 | 交给 | 地位 | 一会儿 | 吃饭,0.4914 | 0.408 | 0.3466 | 0.2754 | 0.2539 | 0.2343 | 0.2343 | 0.2267 | 0.1936 | 0.1917
BV1xHtYzsEpd,赵露思别装打工人了好吗？,妹妹 | 網友 | 一個 | 直播 | 行業 | 普通人 | 怎麼 | 十年 | 回來 | 一號,0.4371 | 0.2979 | 0.2779 | 0.1857 | 0.1803 | 0.1654 | 0.1463 | 0.1274 | 0.1241 | 0.1115
BV1U5411T7tV,【社会观察】996的实质：不！是！剥！削！,九九 | 位子 | 小時 | 六點 | 一個 | 通情 | 本質 | 星期天 | 我覺 | 這些,0.3368 | 0.2159 | 0.2072 | 0.1863 | 0.1857 | 0.1746 | 0.1571 | 0.1552 | 0.1501 | 0.1498
BV1bd4y1D7Au,女孩连续熬夜加班猝死 996加班文化得罚,促死 | 调查 | 加班 | 连续 | 家庭 | 工作 | 底线 | 久久 | 联网 | 晚期,0.3087 | 0.2639 | 0.2521 | 0.2435 | 0.1938 | 0.1632 | 0.1543 | 0.1543 | 0.1482 | 0.1431
BV1rq4y1M7pY,人社部最高法明确“996和007”全部违法,勞動 | 勞動者 | 加班 | 單位 | 公司 | 合同 | 用人 | 支付 | 解除 | 拒絕,0.4331 | 0.3095 | 0.3009 | 0.2907 | 0.2817 | 0.2362 | 0.2263 | 0.1683 | 0.1614 | 0.1509
BV1Mq4y1h7gj,2022国产古偶盘点！全员流量，疯狂内卷！,一個 | 有點 | 今年 | 故事 | 視頻 | 解釋 | 改變 | 依然 | 一條 | 關注,0.3256 | 0.1858 | 0.1655 | 0.1588 | 0.1516 | 0.1444 | 0.1363 | 0.1354 | 0.1319 | 0.128
BV19QpLzGEWX,律师的压力还是太大了 这么小众的爱好也能同频,石头 | 小河 | 说话 | 刷牙 | 很棒 | 照顾 | 能量 | 开心 | 我会 | 一块,0.7261 | 0.3227 | 0.1659 | 0.1559 | 0.1437 | 0.1264 | 0.1118 | 0.1055 | 0.0966 | 0.0953
BV1kyo5YbE82,恩情第二弹｜平时工作压力可能太大！,千万,1.0
BV1AZ4y1v7xp,这躲猫猫就离谱，把我变成大飞机，你告诉我藏哪合理？,运气 | 点赞 | 变成 | 一轮 | 游戏 | 垃圾 | 地图 | 拿来 | 记得 | 合理,0.2656 | 0.2535 | 0.2295 | 0.2214 | 0.1821 | 0.1813 | 0.1779 | 0.1665 | 0.1617 | 0.1538
BV1NV411b7Kc,24岁，熬夜，中风。,不過 | 做過 | 這一個 | 六次 | 懷疑 | 這部 | 神經 | 熬夜 | 這點 | 右邊,0.2737 | 0.1979 | 0.1979 | 0.1979 | 0.1979 | 0.1979 | 0.1926 | 0.1926 | 0.1926 | 0.188
BV1iy4y1W79u,员工拒绝加班被判赔偿公司1万8后续，拒绝加班有错吗？,公司 | 加班 | 法院 | 損失 | 勞動者 | 拒絕 | 此案 | 新聞 | 任務 | 員工,0.3486 | 0.3258 | 0.3141 | 0.2992 | 0.2873 | 0.245 | 0.1995 | 0.1795 | 0.1705 | 0.1346
BV1rgtnz5EwX,育儿补贴发布现状,医院 | 市场 | 出現 | 个人 | 我要,0.544 | 0.4949 | 0.46 | 0.3894 | 0.3097
BV1oT411H7NU,“我挑不动，她能挑动”哪有什么技巧，只不过是生活的压力比肩上的担子更重！,东西,1.0
BV1CM4y1i7e1,《反内卷》,学习 | 放开,0.8897 | 0.4566
BV1qg411S78S,你肯定猜不到，这竟是缓冲工作疲劳的最佳方式!,甚麼 | 不過 | 歌曲 | 當時 | 完全 | 表示 | 科技 | 程度 | 開始 | 使用,0.2417 | 0.2256 | 0.2175 | 0.1766 | 0.1563 | 0.1545 | 0.1531 | 0.139 | 0.1291 | 0.1275
BV1Nw4m1o7MJ,职 场 废 物 3,電腦 | 下班 | 開始 | 回來 | 一眼 | 同時 | 屏幕 | 這是 | 接著 | 早上,0.3521 | 0.2386 | 0.22 | 0.2199 | 0.2076 | 0.2054 | 0.1975 | 0.1727 | 0.1625 | 0.162
BV1hC4y1Y7CR,蛋仔派对：秀儿摆烂了？拒绝躺平，勇闯冰雪大世界！,看来 | 快来 | 一张 | 玩笑 | 姐姐 | 出发 | 兄弟 | 一色 | 大声 | 写下,0.8716 | 0.1343 | 0.1287 | 0.1238 | 0.1106 | 0.1073 | 0.0851 | 0.0724 | 0.0695 | 0.0672
BV1SX4y1w7St,现在的文具已经内卷成这样了吗？每一个都在我的意料之外！,一块 | 切换 | 面包 | 一本 | 一只 | 一把 | 味道 | 原来 | 普通 | 一下,0.4805 | 0.3931 | 0.3623 | 0.3405 | 0.3288 | 0.2661 | 0.2473 | 0.2402 | 0.2322 | 0.1256
BV1Ka4y1D7X1,当代大学生内卷现状,人选 | 这位 | 吃饭 | 不行 | 小小 | 呼吸 | 严重 | 干什么 | 一口 | 小时,0.7022 | 0.3118 | 0.2518 | 0.2251 | 0.1539 | 0.1446 | 0.1372 | 0.1259 | 0.113 | 0.1017
BV1JP4y1K7Hs,事事摆烂必遭重拳出击,打野 | 人头 | 干嘛 | 这笔 | 举报 | 上路 | 中路 | 支援 | 让给 | 几位,0.598 | 0.3987 | 0.2362 | 0.1329 | 0.1329 | 0.1276 | 0.1276 | 0.1276 | 0.1233 | 0.1233
BV1gw411f7ja,远程办公真实现状与职场人的压力 附小剧场 之 演技已经不尬了篇,办公 | 日本 | 一個 | 自觉 | 网站 | 远程 | 領導 | 这帮 | 睡眠 | 公司,0.3414 | 0.3384 | 0.2432 | 0.2301 | 0.1925 | 0.1534 | 0.1308 | 0.1308 | 0.1239 | 0.1221
BV1Hr4y157xw,不锈钢套餐，从来没怕过！,無效 | 挑戰 | 一個 | 會不會 | 不著 | 你還 | 再來 | 哈哈哈哈 | 雖然 | 好看,0.9502 | 0.1646 | 0.1337 | 0.0984 | 0.095 | 0.0897 | 0.0823 | 0.0782 | 0.0661 | 0.0655
BV1Ny4y1x7Gu,百万劳工换来的8小时工作制，不能被996毁掉！,日本 | 八小時 | 工人 | 工作 | 公司 | 經濟 | 下班 | 一八 | 開始 | 危機,0.4442 | 0.2766 | 0.2714 | 0.2703 | 0.2606 | 0.1797 | 0.1727 | 0.1636 | 0.1593 | 0.1493
BV1ez4y1C7WP,要不是偶然拍到了，你都不敢相信这是真的,兩位 | 青春 | 夏天 | 一樣 | 一笑 | 存在 | 不會 | 能源 | 遺憾 | 你會,0.46 | 0.4312 | 0.4197 | 0.3524 | 0.2874 | 0.175 | 0.1696 | 0.1597 | 0.1481 | 0.1335
BV1dDuyzbE9j,他刚入职海底捞就摆烂，一天180嫌少,女友 | 領導 | 兩人 | 工作 | 海底 | 這份 | 影響 | 風扇 | 離職 | 強度,0.4321 | 0.2622 | 0.2401 | 0.2257 | 0.2227 | 0.2103 | 0.1779 | 0.1537 | 0.1537 | 0.1485
BV1z4421Z7Qq,如何摆脱无力感，找到自驱力？一定要听到最后,恐惧 | 压力 | 训练 | 有效 | 行动 | 长期 | 系统 | 工作 | 完美 | 科学,0.2774 | 0.246 | 0.2254 | 0.2127 | 0.1923 | 0.1868 | 0.1705 | 0.1674 | 0.1656 | 0.1538
BV1M44y1s7vQ,初中生尝试在寒假最后一天用生命卷完所有作业！！！,开学 | 所有人 | 我能 | 我要 | 上次 | 学习 | 下去 | 好好 | 我该 | 这道,0.3473 | 0.3136 | 0.2386 | 0.2382 | 0.2242 | 0.1929 | 0.1903 | 0.1721 | 0.1611 | 0.1563
BV1p14y1v757,大胆创新or摆烂升级？iPhone 14 Pro上手评测,苹果 | 功能 | 照片 | 屏幕 | 相处 | 音乐 | 能够 | 小时 | 设置 | 模式,0.3643 | 0.2508 | 0.2508 | 0.1708 | 0.153 | 0.1401 | 0.1393 | 0.1393 | 0.1392 | 0.1305
BV1bq4y1R7nZ,这 年 头 ，连 神 仙 都 内 卷 成 这 样 了 ？！,血量 | 满足 | 超级 | 听说 | 刚才 | 三个 | 几期 | 台词 | 两颗 | 大王,0.333 | 0.2974 | 0.274 | 0.2676 | 0.224 | 0.1931 | 0.187 | 0.1807 | 0.1807 | 0.1753
BV1fT411L7JV,跟奶龙一起跳舞 顺便把地板洗白白吧 有了石头小8 随意躺平吃瓜 #家务88日#  @石头科技,白白 | 就让 | 啊啊啊 | 不许 | 小白 | 快快 | 好久 | 奇怪 | 习惯 | 身边,0.9063 | 0.2814 | 0.2559 | 0.0824 | 0.0799 | 0.0759 | 0.0678 | 0.0617 | 0.0597 | 0.0548
BV1aM411F7q6,《甜王假吃被发现后逐渐摆烂》,乾脆 | 鸡肉 | 听到 | 后面 | 一句,0.8227 | 0.3607 | 0.2688 | 0.2489 | 0.2427
BV1e94y1S7GA,你身边有没有劝你躺平，而却又悄悄努力的人,手机 | 胖子 | 对付 | 我错 | 奶茶 | 老百姓 | 正确 | 承认 | 我家 | 厉害,0.5233 | 0.3076 | 0.2971 | 0.2971 | 0.2806 | 0.2679 | 0.2341 | 0.2341 | 0.2226 | 0.2153
BV1AS4y1Q72a,这玩意就是内卷之王吧！,花椒 | 一碗 | 動畫 | 火腿 | 蛋白 | 超多 | 其實 | 超級 | 美食 | 提前,0.6038 | 0.1784 | 0.1563 | 0.1563 | 0.1465 | 0.1465 | 0.1329 | 0.1284 | 0.1243 | 0.1224
BV1fS4y1J75e,女子在法国因一周工作40小时被谈话，法国一年休息144天，不休完还发钱。,做法 | 两块 | 难道 | 这件,0.7576 | 0.4327 | 0.3582 | 0.3323
BV1Nm4y1S7LH,麦乐鸡侠之破产风波,网站,1.0
BV1MZ4y1q7Me,躺平躲猫猫：我变成一棵树，你让我合理躲藏？我呸！,合理 | 怎麼 | 小手 | 游戏 | 嘿嘿嘿 | 順利 | 不合理 | 不會 | 放在 | 一颗,0.4226 | 0.2626 | 0.1668 | 0.1608 | 0.1564 | 0.1522 | 0.1486 | 0.1384 | 0.1351 | 0.1307
BV1hrt4z7EBu,2025年最拧巴自助，吃了一肚子无名火,烤串 | 烤肉 | 自助 | 宣传 | 还行 | 政治 | 味道 | 老板 | 十足 | 时间,0.729 | 0.4784 | 0.246 | 0.1464 | 0.082 | 0.0696 | 0.0665 | 0.0655 | 0.0634 | 0.0556
BV1HR4y1s7X4,欢迎大家观看大型厨具内卷连续剧，选手电饼铛作为新星出战～,分鐘 | 芝士 | 芝麻 | 豆腐 | 一塊 | 一碗 | 準備 | 做好 | 一樣 | 加上,0.601 | 0.4821 | 0.2009 | 0.176 | 0.1489 | 0.1468 | 0.1322 | 0.1199 | 0.1108 | 0.1087
BV1CN411P7JK,爱逃课让我躲过了应试教育摧残,教育 | 那种 | 中学 | 有时候 | 当时 | 大学 | 一边 | 职业 | 比如说 | 坐在,0.3669 | 0.2467 | 0.2251 | 0.2064 | 0.199 | 0.1733 | 0.1733 | 0.1702 | 0.131 | 0.125
BV1vmwEe6Emr,欧盟禁令来了，倒逼5天8小时工作？针对意味太明显！,企业 | 老板 | 调查 | 显然 | 举报 | 销售 | 禁止 | 出口 | 设置 | 比如说,0.351 | 0.2044 | 0.2026 | 0.1904 | 0.1778 | 0.1557 | 0.1456 | 0.1456 | 0.1456 | 0.1415
BV1JM411B79z,猫：讨厌一些没有边界感的食客,,
BV1CC4y1n7KQ,外国有宾利姐，中国有跑酷妹。     内卷大比拼—跑酷说车,上车 | 哥哥 | 甜蜜 | 爱情 | 升级 | 来看 | 一下,0.6445 | 0.5239 | 0.4523 | 0.2101 | 0.1919 | 0.1377 | 0.0745
BV1yV41177CV,第1期（下）：职场到底有多“卷”？【非正式会谈第6.5季】,一個 | 我覺 | 其實 | 房間 | 節目 | 然後我 | 一下 | 當中 | 謝謝 | 一點,0.5606 | 0.264 | 0.2541 | 0.1475 | 0.1361 | 0.1338 | 0.1323 | 0.1281 | 0.1244 | 0.1127
BV1Ak4y1h7ZA,本科生进厂两年了，已经麻木的习惯了这种生活。从开始的4000块，到现在9000多块。没有社交，没时间花钱，赚多少，存多少，平凡记录这一天的美好。,来来来 | 生氣 | 退休,0.8812 | 0.3511 | 0.3165
BV1Vr4y1z7R6,别卷了,没想到 | 下班 | 老板,0.6528 | 0.5376 | 0.5337
BV1VMrnYWEwN,1块钱一瓶可乐 10块钱吃到撑 被制裁的伊朗 真正的挂壁天堂,咖啡 | 块钱 | 超大 | 国内 | 一块 | 应该 | 人比 | 小米 | 价格 | 里边,0.3008 | 0.1985 | 0.1934 | 0.1847 | 0.1624 | 0.1613 | 0.1604 | 0.1604 | 0.1556 | 0.1458
BV1oWT6zCEBR,下雨天一个人在上海出租屋花85块涮火锅，简简单单但超快乐,豆皮 | 猫猫 | 炒炒 | 火锅 | 酱油 | 来来来 | 五块 | 好吃 | 炒饭 | 牛肉,0.3924 | 0.3437 | 0.2854 | 0.244 | 0.1985 | 0.1937 | 0.1926 | 0.1873 | 0.1784 | 0.1753
BV1SR4y1A75G,当大爷大妈们开始内卷，连风筝都开始疯狂！你大爷永远是你大爷！,中國 | 更長 | 十足 | 團隊 | 不到 | 各地 | 空間 | 內容 | 粉絲 | 飛機,0.4688 | 0.2249 | 0.2086 | 0.2024 | 0.2019 | 0.1923 | 0.188 | 0.188 | 0.188 | 0.1842
BV18F411W7bi,成年人的破防只需要18块8。,这家 | 民众 | 打下 | 出品 | 全部都是 | 很长 | 一瞬间 | 家家 | 来讲 | 太太,0.3587 | 0.229 | 0.2146 | 0.2089 | 0.2089 | 0.2039 | 0.2039 | 0.2039 | 0.1994 | 0.1994
BV1a64y1W76X,掏心建议：普通人除了内卷和躺平之外，最该走的第三条路,共识 | 热爱 | 躺平 | 社会 | 国家 | 教育 | 机极 | 蛋糕 | 内卷 | 资本,0.4061 | 0.3476 | 0.1879 | 0.1666 | 0.1645 | 0.1492 | 0.1448 | 0.1431 | 0.1368 | 0.1335
BV1pi4y1U7sn,意见接受 态度照旧,俗话说 | 经营 | 不能不 | 跑步 | 没想 | 今晚 | 忽略 | 相互 | 见到 | 时代,0.2718 | 0.2718 | 0.2568 | 0.2568 | 0.2506 | 0.2451 | 0.2451 | 0.2204 | 0.2142 | 0.2114
BV1wjcfecEaH,躲避老师追查：在学校里建造密室，躲避老师996？上,秘密 | 一位 | 上课 | 找到 | 克斯 | 学生 | 学校 | 快速 | 入口 | 同学,0.8156 | 0.1956 | 0.178 | 0.1474 | 0.1104 | 0.1022 | 0.101 | 0.101 | 0.0995 | 0.091
BV1ft4y147kx,躺平躲猫猫：高铁这么个大家伙，让我藏到哪？谁能告诉我,突破 | 随机 | 明显 | 东西 | 小人 | 没错 | 一轮 | 游戏 | 样子 | 不合理,0.6165 | 0.271 | 0.2273 | 0.1683 | 0.1648 | 0.1489 | 0.1461 | 0.1352 | 0.1251 | 0.1249
BV1ngxCejEk1,你的世界变大了，工作那点破事儿就变小了,里边 | 工作 | 生活 | 调整 | 上班 | 心态 | 情绪 | 无法 | 比如说 | 努力,0.3848 | 0.3554 | 0.2981 | 0.2886 | 0.2032 | 0.1731 | 0.1568 | 0.1555 | 0.1505 | 0.1291
BV1cL411u7Mw,勇 者 王 诞 生 ~摆 烂 人 神 话~,学生 | 欢迎 | 飞机 | 几个 | 听不懂 | 太好了 | 知名 | 不看 | 展开 | 生物,0.4165 | 0.371 | 0.2812 | 0.2799 | 0.2592 | 0.2535 | 0.2483 | 0.2483 | 0.2436 | 0.2186
BV1tK4y1j7dq,996透支未来，影响延迟退休，有碍于2035国家大计,退休 | 老金 | 美国 | 工作 | 延迟 | 年齡 | 完成 | 资本家 | 法国 | 提高,0.6077 | 0.2864 | 0.2542 | 0.233 | 0.1839 | 0.1692 | 0.1459 | 0.1388 | 0.1322 | 0.1305
BV1TrFUegEQv,你为什么总是压力很大？6个方法养成抗压体质，拒绝焦虑内耗！,情緒 | 壓力 | 大腦 | 環節 | 身體 | 行動 | 有效 | 焦慮 | 平靜 | 思維,0.4059 | 0.3169 | 0.3005 | 0.2121 | 0.1988 | 0.167 | 0.1537 | 0.1531 | 0.1525 | 0.1525
BV15CpCzpEue,律师的压力还是太大了 这么小众的爱好也能同频,石頭 | 刷牙 | 特別 | 怎麼 | 很棒 | 我會 | 十分 | 能量 | 出來 | 早上,0.7911 | 0.2201 | 0.2023 | 0.1594 | 0.1353 | 0.1173 | 0.1087 | 0.1052 | 0.0916 | 0.083
BV1ER4y1Y7cU,拜年同辈压力！二本计算机竟碾压211建筑学,加班 | 努力 | 表弟 | 是因为 | 工作 | 选择 | 清楚 | 周日 | 周六 | 通道,0.3342 | 0.3145 | 0.3069 | 0.232 | 0.2164 | 0.1936 | 0.1818 | 0.1792 | 0.1792 | 0.1749
BV1Y64y117Xw,第1期（上）：职场到底有多“卷”？【非正式会谈第6.5季】,收看 | 欢迎 | 歡迎 | 放手 | 老板 | 谢谢 | 公司 | 貨幣 | 朋友 | 工作,0.4577 | 0.3802 | 0.1533 | 0.1492 | 0.1489 | 0.1478 | 0.1471 | 0.1424 | 0.1284 | 0.1278
BV1W44y1M7Qv,职场996，无处不在的内卷，人生注定要吃苦吗？【武志红】,热爱 | 层级 | 感觉 | 建立 | 关系 | 思维 | 体验 | 真实 | 高手 | 品质,0.4733 | 0.3712 | 0.2708 | 0.2579 | 0.2374 | 0.2182 | 0.1966 | 0.1773 | 0.1721 | 0.1219
BV1B84y1z7NE,程序员的快乐瞬间,一會 | 準備,0.7923 | 0.6101
BV1FK4y1E7fY,【睡前消息186】如果劳动法被修改，996真可能合法化？,劳动 | 深圳 | 特朗普 | 美国 | 企业 | 国家 | 公司 | 劳动法 | 农民 | 改革,0.6634 | 0.2157 | 0.2055 | 0.2018 | 0.1409 | 0.1409 | 0.1367 | 0.1317 | 0.1153 | 0.1039
BV1qGSwBoEMe,烂工作和失业，选哪个更痛苦？送给正在迷茫中的朋友们,工作 | 痛苦 | 失業 | 山河 | 问题 | 折磨 | 一個 | 利用 | 上班 | 承受,0.5081 | 0.4387 | 0.241 | 0.1801 | 0.115 | 0.1135 | 0.1019 | 0.1009 | 0.0968 | 0.0947
BV1EeMCztE8U,挑战花100块买十份拼好饭，看看能不能吃饱,一個 | 再來 | 脆脆 | 猫猫 | 幾塊 | 這是 | 一塊 | 一下 | 牛肉 | 一口,0.5026 | 0.2561 | 0.239 | 0.2094 | 0.1847 | 0.1782 | 0.1771 | 0.1653 | 0.1631 | 0.1384
BV1Jo4y1L7C7,为什么感觉现在老百姓怨气越来越重了？,费用 | 工作 | 问题 | 导致 | 公资 | 不花 | 房价 | 专家 | 保险 | 月底,0.3169 | 0.2234 | 0.2024 | 0.1877 | 0.1585 | 0.1521 | 0.1521 | 0.147 | 0.147 | 0.147
BV1PZGCz2Erp,生啃牛睾丸增肌，蟑螂嘎嘣脆蛋白棒，肝王细菌感染彻底疯狂,老婆 | 體驗 | 一百 | 感染 | 良心 | 乾脆 | 蛋白 | 瞬間 | 非洲 | 一樣,0.2896 | 0.2388 | 0.2235 | 0.1783 | 0.1783 | 0.1783 | 0.1783 | 0.1783 | 0.1736 | 0.1639
BV1Uh411N7Us,躺平圣地？700元/月的海景房两个月体验分享，优缺点明显,一個 | 公里 | 大海 | 海邊 | 焦慮 | 畢業 | 市場 | 空調 | 海景房 | 特別,0.69 | 0.1641 | 0.1586 | 0.1523 | 0.1274 | 0.1252 | 0.1231 | 0.1015 | 0.1015 | 0.1014
BV1sT4y1C7Nm,原神2.5直播名场景，雷神摆烂,開心 | 你別 | 嘿嘿嘿 | 新年 | 第一期 | 陪伴 | 兩天 | 擔心 | 趕緊 | 還沒有,0.4371 | 0.2523 | 0.2448 | 0.2448 | 0.2448 | 0.2274 | 0.2274 | 0.2274 | 0.2228 | 0.2146
BV1c34y1674D,学生时代的死要面子活受罪,学生 | 父亲 | 讲话 | 就行了 | 我学 | 大神 | 成绩 | 太太 | 回家 | 学校,0.4514 | 0.3641 | 0.3379 | 0.2523 | 0.1689 | 0.1605 | 0.157 | 0.157 | 0.1451 | 0.1275
BV1UD4y1u71o,许益凡：生娃时，医生在手术台上说：那你们互联网工作压力挺大,妈妈 | 小孩 | 工作 | 角色 | 一层 | 过程 | 比如说 | 问题 | 画面 | 影响,0.3623 | 0.311 | 0.22 | 0.1961 | 0.1904 | 0.1886 | 0.1753 | 0.1562 | 0.136 | 0.1315
BV1qT4y1f7Ub,【后背 内卷】你承认吧！ 你就是馋他没痘的身子！！！,目标 | 能够 | 皮肤 | 成分 | 关心 | 解决 | 促进 | 三位 | 味道 | 问题,0.2699 | 0.2531 | 0.2298 | 0.226 | 0.2024 | 0.1845 | 0.1801 | 0.1701 | 0.17 | 0.1653
BV1av1NYWENg,在魔都上海18块吃碳水大餐，当牛马一天唯有碳水才能让我快乐,土豆 | 三块 | 东西 | 进去 | 兄弟姐妹 | 几个 | 辣椒 | 干杯 | 赶紧 | 好吃,0.389 | 0.2212 | 0.2074 | 0.1985 | 0.1879 | 0.187 | 0.1823 | 0.1732 | 0.16 | 0.1576
BV17U4y1m7XN,花4000请妈妈来帮忙照顾女儿，她过的不开心，我应该让她回去嘛？仔细想想，她把我拉扯大已完成任务，不该把自己的压力再给到她，晚年她过的幸福开心就好…,永遠 | 不會 | 天子 | 六點 | 那怕 | 錯過 | 你還 | 放棄 | 一人 | 眼光,0.4541 | 0.3056 | 0.2878 | 0.2763 | 0.2669 | 0.259 | 0.2521 | 0.2312 | 0.2271 | 0.2233
BV1v14y197RS,这4个可以拯救打工人的神器，打死也不删！,立马 | 报告 | 口语 | 上传 | 图片 | 资料 | 中文 | 英雄 | 内容 | 进去,0.433 | 0.3569 | 0.3506 | 0.2168 | 0.1998 | 0.1784 | 0.1708 | 0.1664 | 0.1467 | 0.1374
BV1EV4y1B7cu,自⚡由⚡宣⚡言!,太多 | 挑戰 | 牛排 | 酒精 | 天真 | 案子 | 舞蹈 | 學校 | 哪有 | 同學,0.511 | 0.4115 | 0.2375 | 0.2375 | 0.2375 | 0.2305 | 0.2243 | 0.2141 | 0.2098 | 0.1926
BV1wZ4y1m7g7,老板：遇到你是我的霉气(三),公司 | 下班 | 工作 | 上去 | 報仇 | 回報 | 公信 | 八個 | 會給 | 延遲,0.6487 | 0.43 | 0.2094 | 0.1672 | 0.1485 | 0.1425 | 0.1425 | 0.1377 | 0.1377 | 0.1301
BV1f5411i76U,35岁存款100万属于什么水平？不谈恋爱不结婚躺平吃利息的生活你羡慕吗？,大哥 | 爱情 | 追求 | 生活 | 卫生 | 存款 | 外卖 | 家庭 | 自由 | 选择,0.6295 | 0.2665 | 0.219 | 0.2095 | 0.204 | 0.204 | 0.174 | 0.1334 | 0.118 | 0.1005
BV1qf4y1g7yG,【内卷的代价】欢迎收看《法Z节目》——内卷的代价；本视频纯属娱乐，切勿当真；珍爱生命，拒绝内卷，从我做起⚠️（模仿Papi酱视频）,内卷 | 学生 | 接到 | 犯罪 | 学习 | 行为 | 一名 | 节目 | 不住 | 控制,0.5284 | 0.3453 | 0.2268 | 0.1761 | 0.1675 | 0.149 | 0.1414 | 0.1366 | 0.1286 | 0.114
BV1ba411D72Z,7.13 B站事故当事人：这是我从业以来压力最大的一晚,一個 | 發現 | 請求 | 理解 | 版本 | 流量 | 業務 | 用戶 | 視頻 | 報告,0.4857 | 0.2352 | 0.2071 | 0.1892 | 0.1733 | 0.1733 | 0.1675 | 0.1675 | 0.147 | 0.1467
BV1HU4y1t7eu,《 准 点 下 班 ？ 呸 ！ 恶 心 ！》,核心 | 主管 | 了解 | 注重 | 哥哥 | 加班 | 下巴 | 公資 | 習慣 | 簡直,0.5121 | 0.4762 | 0.3472 | 0.2249 | 0.1784 | 0.1398 | 0.1232 | 0.1232 | 0.119 | 0.119
BV1nu41147L1,人大代表谈为什么极力反对996，工作8小时已经是极限了，对此，你怎么看？,八角 | 八小時 | 確實 | 社會 | 三個 | 整個 | 剩下 | 其實 | 休息 | 一個,0.8151 | 0.2717 | 0.2171 | 0.199 | 0.1969 | 0.1856 | 0.1684 | 0.1595 | 0.1452 | 0.1274
BV1qg4y1L7fu,”多希望我二十岁能有人告诉我这个道理！“,當時 | 支撐 | 風扇 | 當年 | 永遠 | 你好 | 你們 | 他還 | 對方 | 的關,0.8479 | 0.2109 | 0.2025 | 0.1695 | 0.1664 | 0.1418 | 0.1196 | 0.0949 | 0.0924 | 0.0902
BV1HN2EYLE2x,造价两千亿的骨灰级社区，绿地长岛只剩你一个人，是什么体验？,电梯 | 样子 | 每天 | 快点 | 吃饭 | 社群 | 小区 | 仿佛 | 独自 | 来回,0.2534 | 0.208 | 0.2035 | 0.2025 | 0.1764 | 0.1689 | 0.1639 | 0.1596 | 0.1596 | 0.1557
BV1Bh7JzyE8L,一口气讲完六大鱼油谣言｜99%的人都中招!!运动学博士的深度解析,检测 | 维生素 | 认识 | 比例 | 大脑 | 分为 | 训练 | 一批 | 提高 | 达到,0.2558 | 0.227 | 0.2207 | 0.2074 | 0.1977 | 0.1866 | 0.1683 | 0.1624 | 0.1556 | 0.1386
BV1nm4y1t7t5,【速效休息】20分钟躺平冥想，重启大脑提高专注力,呼氣 | 吸氣 | 意識 | 繼續 | 感受 | 下降 | 身體 | 整個 | 明顯 | 胸部,0.3428 | 0.3291 | 0.2754 | 0.2441 | 0.2271 | 0.2042 | 0.1915 | 0.1862 | 0.1574 | 0.1469
BV1j7iRY2EnJ,你们口中的崩溃，我们习以为常的996,開始,1.0
BV1bQBCYrEtH,我跟麟麟七被铁链绑在了一起！ROBLOX,上來 | 快快 | 這邊 | 一下 | 上面 | 上去 | 怎麼 | 過來 | 别跑 | 一點,0.4503 | 0.3361 | 0.2981 | 0.2542 | 0.2279 | 0.2012 | 0.1621 | 0.1547 | 0.143 | 0.1389
BV1Wt411J7nb,【演讲】哈佛才女许吉如，我的朝九晚五是早上9点到凌晨5点，每个行业都有它黎明前的黑夜,蛋糕 | 行业 | 职业 | 行業 | 一個 | 一块 | 表情 | 一端 | 每个 | 觀眾,0.429 | 0.2569 | 0.1907 | 0.1635 | 0.1528 | 0.1393 | 0.1362 | 0.1349 | 0.1289 | 0.1264
BV1gb4y1U7vV,如何卷赢古代做题家？【小约翰】,中國 | 古代 | 皇帝 | 一個 | 考試 | 帝國 | 人才 | 時期 | 社會 | 百姓,0.3886 | 0.2714 | 0.2358 | 0.2252 | 0.2125 | 0.1591 | 0.1344 | 0.127 | 0.1126 | 0.1089
BV1rP411K7BE,外卖超时了，顾客不要了…,取消 | 不算 | 商家 | 打电话 | 告诉 | 出发 | 吃饭 | 考虑 | 充足 | 太行,0.4531 | 0.285 | 0.2656 | 0.2313 | 0.2289 | 0.205 | 0.1786 | 0.1639 | 0.1283 | 0.1283
BV1ex4y1e7w6,上节目摆烂带娃，女儿哭了我也跟着哭【P1】,女儿 | 专家 | 延续 | 老爸 | 一号 | 女人 | 牛奶 | 情绪 | 爸爸妈妈 | 对不起,0.2944 | 0.2682 | 0.2314 | 0.2168 | 0.1851 | 0.1786 | 0.1689 | 0.15 | 0.1388 | 0.1373
BV1as4y1A7v5,”这tm才叫专家！“,天下 | 拥有 | 看法 | 继续 | 一头 | 始终 | 思想 | 武器 | 拿来 | 事业,0.8195 | 0.2759 | 0.2462 | 0.1736 | 0.1562 | 0.1516 | 0.1307 | 0.1307 | 0.1267 | 0.1267
BV1Jh411w71m,老板不在又可以摆烂,配件 | 早安 | 擺爛 | 身體 | 下班 | 世界 | 一個,0.8197 | 0.4603 | 0.2223 | 0.1562 | 0.1388 | 0.1101 | 0.1043
BV1EZ4y1Q7pp,大学生期末复习现状,没事 | 睡觉 | 明天 | 凌晨 | 大学生 | 今晚 | 帮忙 | 两点 | 打游戏 | 偷偷,0.4803 | 0.3451 | 0.3051 | 0.2335 | 0.2273 | 0.2169 | 0.2169 | 0.2169 | 0.2048 | 0.1951
BV1Ve4y1e7yT,有一个摆烂的老师是什么体验？下课跑的比谁都快！,白毛 | 魔法 | 一模 | 询问 | 表示 | 同学 | 两人 | 立刻 | 推荐 | 学生,0.6097 | 0.2039 | 0.1997 | 0.1696 | 0.1559 | 0.1492 | 0.1355 | 0.1337 | 0.1337 | 0.1256
BV1WADnYFE5n,有人说中国根本没这样的地方，是P图P出来的，为什么广州打工更好,公園 | 大城市 | 街道 | 活著 | 中央 | 之間 | 北京 | 一個 | 至少 | 人覺,0.3138 | 0.2942 | 0.2863 | 0.1961 | 0.172 | 0.1639 | 0.1514 | 0.1422 | 0.1227 | 0.109
BV1ui4y1U7p7,网课开摄像头的内卷现状。。。,中途 | 报销 | 创新 | 可乐 | 吃掉 | 上课 | 重量 | 我妈 | 中午 | 习惯,0.3636 | 0.3491 | 0.3272 | 0.3272 | 0.3185 | 0.3108 | 0.3108 | 0.2921 | 0.2589 | 0.2443
BV13X4y1b7WG,2023年下半年，国内就业压力将呈现【地狱级】难度,國內 | 工廠 | 失業 | 外企 | 疫情 | 大量 | 導致 | 就業 | 工作 | 人口,0.308 | 0.2777 | 0.2777 | 0.2126 | 0.2051 | 0.2049 | 0.1813 | 0.1813 | 0.1756 | 0.1618
BV1Xt42147Wz,大型纪录片《最完美的牲口》持续为您播出,完美 | 生病 | 干活 | 效率 | 休息 | 专家 | 笑话 | 对此 | 看成 | 大型,0.4604 | 0.324 | 0.2948 | 0.2419 | 0.1784 | 0.1669 | 0.162 | 0.162 | 0.1577 | 0.1539
BV1VaFzesEiB,这个发达国家的学生，能有多绝望？,韓國 | 大學 | 學習 | 個小時 | 學生 | 教育 | 考上 | 畢業生 | 數據 | 一個,0.8326 | 0.2814 | 0.1654 | 0.1269 | 0.1133 | 0.0925 | 0.0898 | 0.0774 | 0.0764 | 0.0758
BV17m4y1S7Yd,刻晴摆烂现状,心思 | 放弃 | 主动 | 波动 | 定制 | 专门 | 老公 | 背后 | 一套 | 想想,0.4787 | 0.389 | 0.3661 | 0.2655 | 0.2394 | 0.2221 | 0.2186 | 0.1904 | 0.1866 | 0.1831
BV1vB4y147SX,用爆款歌曲《再见莫妮卡》告诉你，音乐抄手圈有多离谱！这一期我Yue了好几次,一分 | 咖啡 | 音乐 | 关系 | 上线 | 起诉 | 版权 | 节目 | 一下 | 平台,0.4474 | 0.3552 | 0.3457 | 0.2037 | 0.175 | 0.1692 | 0.1624 | 0.1533 | 0.1421 | 0.1392
BV1KD4y167PE,【单身情歌】最摆烂版,单身 | 舞蹈 | 永远 | 到处 | 全天 | 每个 | 留下 | 记得 | 没钱 | 反正,0.6323 | 0.5532 | 0.2425 | 0.2263 | 0.1624 | 0.142 | 0.12 | 0.0989 | 0.0902 | 0.0885
BV1hy421a7NW,亡国妖妃摆烂，禁欲新帝真香29,河南 | 王國 | 心底 | 進來 | 美人 | 男人 | 士兵 | 逃跑 | 一笑 | 皇帝,0.4405 | 0.3059 | 0.2837 | 0.2335 | 0.2203 | 0.1467 | 0.1418 | 0.1376 | 0.1376 | 0.134
BV18CJCzrESw,下班了到山姆吃自助顺便做一顿超级无敌豪华大餐,好吃 | 来来来 | 感觉 | 烤鱼 | 下去 | 辣椒 | 味道 | 再来 | 小葱 | 赶紧,0.2608 | 0.2081 | 0.205 | 0.1717 | 0.1715 | 0.1609 | 0.1565 | 0.1345 | 0.1341 | 0.1324
BV1Da4y1V7RK,假期来了，我发现我的员工居然…,老板 | 规定 | 报销 | 五一 | 跑车 | 开除 | 上方 | 公司 | 取消 | 客户,0.4836 | 0.3379 | 0.2019 | 0.2019 | 0.2019 | 0.195 | 0.1842 | 0.1837 | 0.1722 | 0.1689
BV1ynL8zLESy,那些实习生带来的震撼！,爸媽 | 還給 | 實習 | 天天 | 技巧 | 搞定 | 出來 | 那麼 | 不會 | 工作,0.3759 | 0.2406 | 0.2324 | 0.2131 | 0.1977 | 0.1977 | 0.1451 | 0.1382 | 0.1331 | 0.1325
BV1q24y1o7JB,【重启大脑】20min躺平冥想，恢复脑力，行动力提升 | 专注系列03,身体 | 感受 | 手指 | 肩膀 | 整条 | 呼吸 | 感觉 | 这句 | 小腿 | 眼睛,0.4557 | 0.3828 | 0.2414 | 0.2241 | 0.2098 | 0.1943 | 0.1822 | 0.1668 | 0.1621 | 0.1604
BV1qY4y1g7ZT,【每天一遍，禁止摆烂】这才是真正的野心家，零绯闻专心搞事业,聚集 | 學習 | 放棄 | 展示 | 不會 | 成功 | 會不會 | 會議 | 一個 | 演示,0.6721 | 0.3987 | 0.225 | 0.1902 | 0.1487 | 0.1373 | 0.1344 | 0.1299 | 0.1218 | 0.1171
BV1vputzCEgq,建造七万套海景房的恒大海花岛，现在月租五百多都没人来,出行 | 二号 | 左右 | 八百 | 价格 | 三块 | 两块 | 三十 | 期权 | 香菜,0.2178 | 0.1994 | 0.1798 | 0.1747 | 0.1733 | 0.1633 | 0.1602 | 0.1547 | 0.133 | 0.1277
BV11s4y1S7R7,有点摆烂，又有点积极,明天 | 开玩笑 | 大不了 | 拍照 | 可不 | 隔壁 | 睡觉 | 一套 | 漂亮 | 心里,0.4425 | 0.3387 | 0.3146 | 0.3082 | 0.3082 | 0.292 | 0.2503 | 0.2453 | 0.2429 | 0.2322
BV1YP41187an,这回老板你满意了吧？,想到 | 加班 | 社会 | 形势 | 大局 | 天主 | 能带 | 比较 | 得出 | 心思,0.4433 | 0.3346 | 0.2428 | 0.2049 | 0.1967 | 0.1967 | 0.19 | 0.1831 | 0.1751 | 0.1713
BV1Ku4y1P7v1,告别内卷回老家盖个小别墅，生活真太安逸了,打游戏 | 压疑 | 成立 | 买房 | 我行 | 开心 | 太过 | 生活 | 立马 | 我家,0.3395 | 0.3227 | 0.2359 | 0.2066 | 0.2066 | 0.2026 | 0.1762 | 0.1697 | 0.1594 | 0.1495
BV1YW4y1o7Mn,被迫躺平，曹操也想努力呀，可是环境不允许,保守 | 中国 | 行不行 | 冲击 | 不行 | 全世界 | 中文 | 干什么 | 完美 | 发展,0.5082 | 0.4765 | 0.2442 | 0.1945 | 0.1871 | 0.1547 | 0.1481 | 0.1308 | 0.1296 | 0.1191
BV1uo4y1f7Ba,2020国际华语辩论邀请赛,问题 | 价值 | 内卷 | 比赛 | 创造 | 选择 | 内据 | 环节 | 告诉 | 老板,0.4645 | 0.3424 | 0.2212 | 0.1966 | 0.1928 | 0.1663 | 0.1659 | 0.1252 | 0.1144 | 0.1089
BV1Rp4y1q7yF,2020年，一次西式价值观在中文互联网的大败亡,国家 | 新冠 | 经济 | 今年 | 西方 | 发展 | 世界 | 主导 | 英国 | 先进,0.3499 | 0.2629 | 0.2434 | 0.2038 | 0.1993 | 0.1667 | 0.1465 | 0.1417 | 0.1398 | 0.1361
BV1mr4y1R7N7,打工人每天起床的真实写照，哈哈哈哈哈哈哈,手機 | 發現 | 認識 | 前一天 | 第二天 | 清醒 | 自然 | 三十 | 回來 | 起床,0.4533 | 0.2344 | 0.2165 | 0.1806 | 0.1787 | 0.1628 | 0.1622 | 0.1511 | 0.1387 | 0.1387
BV1Mt4y1e7JY,早安，打工人！,工人 | 打工 | 努力 | 勇敢 | 信念 | 早安 | 大工 | 困難 | 點了 | 六個,0.8626 | 0.1426 | 0.1174 | 0.11 | 0.11 | 0.11 | 0.1062 | 0.1062 | 0.1062 | 0.1062
BV17b4y1b7JJ,“人类内卷行为大赏 ”,老板 | 公司 | 偷偷 | 热爱 | 十分钟 | 学习 | 五分钟 | 工作 | 太过 | 一支,0.4392 | 0.3708 | 0.3191 | 0.2361 | 0.2177 | 0.1885 | 0.1574 | 0.1496 | 0.139 | 0.139
BV1UBPMzPE9p,满级星梦AUG渡劫局，目前996个头，还差4个头，满一千淘汰，解锁新功能！,起到 | 艰难 | 老板 | 合格 | 接到 | 保护 | 接下 | 上来 | 每次 | 有个,0.3099 | 0.2164 | 0.2131 | 0.1886 | 0.1858 | 0.161 | 0.161 | 0.1538 | 0.1475 | 0.1475
BV14g411j7m4,我为什么放弃几十万年薪，从字节跳动离职了？珍惜生命，逃离996。,重复 | 机器 | 生活 | 凌晨 | 发热 | 一篇 | 免费 | 发挥 | 情况 | 有限,0.328 | 0.2248 | 0.2048 | 0.187 | 0.182 | 0.1702 | 0.1587 | 0.1587 | 0.157 | 0.154
BV1byjuzwEgu,陈翔六点半：当一个普通打工人上班路上突发意外,三千 | 电话 | 三倍 | 明天 | 冷静 | 公司 | 一块 | 打电话 | 出事 | 到来,0.4022 | 0.1961 | 0.1848 | 0.1697 | 0.1686 | 0.1682 | 0.1636 | 0.1609 | 0.1609 | 0.1576
BV1UG411P7gg,神秘的隧道，明明长度不足3公里，客车却怎么开不出去,司机 | 刺激 | 出口 | 小时 | 小美 | 饿死 | 所有人 | 刚刚 | 男子 | 一条,0.6952 | 0.2295 | 0.15 | 0.1273 | 0.1221 | 0.1172 | 0.1102 | 0.1102 | 0.1099 | 0.1061
BV18z4y1C7rX,【硬核社会学】996、内卷、打工人：马克思为什么是对的（上）,資本 | 公人 | 生產 | 價值 | 社會 | 克斯 | 制度 | 勞動力 | 創造 | 人類,0.5161 | 0.3009 | 0.2487 | 0.2288 | 0.1929 | 0.158 | 0.1536 | 0.1533 | 0.1527 | 0.1442
BV1Ux4y157zd,女下属失误导致集团丢掉大单，领导知道原因后不惜提高业绩压力也要保全她！,拿走 | 小小 | 结婚 | 活着 | 城市 | 刚刚 | 办法 | 得到 | 情况 | 活下去,0.7915 | 0.4164 | 0.1343 | 0.1269 | 0.1136 | 0.1059 | 0.0946 | 0.0891 | 0.0886 | 0.0816
BV1G4zzYKEgG,什么是顶级压榨？恶劣程度堪比早八996！甚至连动物都不放过！,村民 | 動物 | 裝備 | 遇到 | 模組 | 上線 | 之心 | 位子 | 可愛的 | 想過,0.3385 | 0.3173 | 0.3173 | 0.1932 | 0.1763 | 0.1693 | 0.1635 | 0.1635 | 0.1587 | 0.1587
BV1cVRSYSEWC,假装自己是日本社畜，错过末班地铁是什么下场？,日本 | 方式 | 旅馆 | 五块 | 错过 | 选择 | 电脑 | 下班 | 服务 | 东京,0.4114 | 0.2419 | 0.1803 | 0.1623 | 0.158 | 0.1493 | 0.1318 | 0.1306 | 0.1268 | 0.1217
BV1gG411H7Cp,话晾这！不含肉的淀粉肠yyds~,好处 | 小心 | 好吃 | 有点 | 差一点 | 电源 | 底部 | 梦想 | 几块 | 妈呀,0.3735 | 0.3069 | 0.2607 | 0.2191 | 0.201 | 0.201 | 0.201 | 0.1957 | 0.1957 | 0.191
BV1bw411f7Nz,备孕9个月还没成功，我。。。。。。,我覺 | 男孩子 | 我媽 | 小孩 | 預期 | 然後我 | 基本上 | 那麼 | 其實 | 健康,0.3221 | 0.2052 | 0.1832 | 0.1791 | 0.1699 | 0.1658 | 0.1616 | 0.1516 | 0.1496 | 0.1437
BV1ee411Z7ar,什么神仙职业！不用996还能游遍全国？,多万 | 强国 | 沙漠 | 打卡 | 大好 | 各地 | 头上 | 神仙 | 左边 | 三百,0.7927 | 0.1585 | 0.1522 | 0.147 | 0.1427 | 0.1355 | 0.1325 | 0.1325 | 0.1325 | 0.1325
BV1PQ4y127pw,人社部 最高法 ：“996和007”全部违法,勞動者 | 無效 | 法律 | 小哥 | 案例 | 違反 | 確認 | 中華 | 共和 | 權力,0.3008 | 0.2906 | 0.2671 | 0.2566 | 0.243 | 0.2089 | 0.2005 | 0.2005 | 0.2005 | 0.183
BV1aqtNecEdp,这种“内卷”我还真是头一次见...,比比 | 考试 | 一到 | 学家 | 两天 | 平时 | 游戏 | 方法 | 一半 | 一轮,0.6622 | 0.3432 | 0.2725 | 0.2142 | 0.1599 | 0.1481 | 0.1468 | 0.1378 | 0.134 | 0.119
BV1Cz421B7sV,月薪1700事件上热搜，政策向解读如何面对就业压力,政策 | 就業 | 港位 | 工作 | 討論 | 其實 | 單位 | 生活 | 一千 | 關注,0.389 | 0.3286 | 0.1926 | 0.1768 | 0.1643 | 0.1638 | 0.1583 | 0.1582 | 0.1508 | 0.1486
BV1iW4y1o73v,他说要建设祖国的西北，你可以选择摆烂，但请不要给一腔热血的人泼冷水。,過來 | 教過 | 城市 | 全國 | 台上 | 給你們 | 各地 | 那裡 | 領導 | 剛才,0.4413 | 0.408 | 0.395 | 0.1892 | 0.1836 | 0.1836 | 0.1744 | 0.1705 | 0.1671 | 0.161
BV1q4qdYpEUm,可不可以强制让他们加班,那邊 | 回去 | 強制 | 不會 | 看來 | 有個 | 一個 | 基本上 | 你們 | 找到,0.3759 | 0.3119 | 0.2479 | 0.2128 | 0.2009 | 0.1927 | 0.1744 | 0.1571 | 0.1515 | 0.1324
BV1tfK3e9Ezb,恶魔入侵了这个小镇，而主角只是个打工人,结局 | 一個 | 這是 | 出現 | 爺爺 | 清理 | 公園 | 旁邊 | 裡面 | 找到,0.3175 | 0.2072 | 0.1997 | 0.1618 | 0.1588 | 0.154 | 0.1524 | 0.1413 | 0.1396 | 0.1377
BV1DgRAYNEBS,葫芦娃也躺平？妖怪，我叫你一声你敢答应吗？秀儿解说,皮膚 | 葡萄 | 姐姐 | 四个 | 游戏 | 地图 | 点菜 | 小伙 | 吃饭 | 道具,0.4529 | 0.3974 | 0.3371 | 0.2724 | 0.2179 | 0.2128 | 0.1638 | 0.1229 | 0.114 | 0.1132
BV1aTvvBMECR,避开内卷！这些没人瞧得上的副业，悄悄月入过万不是梦！,指数 | 项目 | 打卡 | 手机 | 转转 | 管子 | 玉米 | 自动 | 升级 | 期间,0.6518 | 0.4901 | 0.1814 | 0.142 | 0.1252 | 0.1252 | 0.1209 | 0.1068 | 0.0995 | 0.0906
BV163411B7cE,采访加班？无偿？996？,加班 | 先生 | 公司 | 资源 | 早点 | 行为 | 老板 | 被迫 | 采访 | 办法,0.6711 | 0.255 | 0.2513 | 0.198 | 0.1945 | 0.1827 | 0.1417 | 0.1374 | 0.1374 | 0.1325
BV1kj411M78k,女下属失误导致集团丢掉大单，领导知道原因后不惜提高业绩压力也要保全她！,拿走 | 小小 | 结婚 | 活着 | 城市 | 刚刚 | 办法 | 得到 | 情况 | 活下去,0.7915 | 0.4164 | 0.1343 | 0.1269 | 0.1136 | 0.1059 | 0.0946 | 0.0891 | 0.0886 | 0.0816
BV17X4y1q7We,用离职的心态去打工，简直太爽了,领导 | 心态 | 同事 | 压力 | 离职 | 孤立 | 那好 | 热情 | 一下 | 下个,0.7033 | 0.1758 | 0.1739 | 0.1412 | 0.128 | 0.1229 | 0.1187 | 0.1187 | 0.1138 | 0.1121
BV1KY4y1j7JE,我槽尼马！我刚提的新车！后续来啦！,星星 | 明星,0.9225 | 0.386
BV1dr4y1T7Ki,消化一下：共和国的未来，不能靠年轻人996,经济 | 社会 | 互联网 | 中国 | 资本 | 消费 | 工人 | 小时 | 工作 | 时间,0.2522 | 0.2175 | 0.2173 | 0.2023 | 0.1962 | 0.1918 | 0.1861 | 0.1795 | 0.178 | 0.1774
BV1854y167zk,他拍下流水线上的年轻女性，看着她们慢慢被时代淘汰,密集 | 照片 | 中国 | 工厂 | 生成 | 电池 | 关注 | 回到 | 知识 | 生产,0.4721 | 0.3174 | 0.1927 | 0.1849 | 0.1797 | 0.1475 | 0.1457 | 0.1365 | 0.1167 | 0.1167
BV1UK4y1M7dg,第10期（下）：辣椒也内卷？围观全球吃辣高阶段位【非正式会谈第6.5季】,怎麼 | 便宜 | 手機 | 關注 | 科技 | 理解 | 其實 | 養樂多 | 顧客 | 這是,0.3458 | 0.3246 | 0.2663 | 0.218 | 0.2174 | 0.179 | 0.1602 | 0.1471 | 0.1471 | 0.1371
BV1C14y1x7fm,爱情有时候就是这样来的悄无声息,這些,1.0
BV1ND421s7Wh,不装了！彻底摆烂！2024年1月新番完结吐槽！【泛式】,魔法 | 能力 | 宝宝 | 动画 | 论证 | 导演 | 乐意 | 英雄 | 原创 | 亲自,0.3459 | 0.3212 | 0.2259 | 0.1922 | 0.1765 | 0.1506 | 0.1324 | 0.1309 | 0.1279 | 0.1208
BV1Si4y1r7Kw,这玩意凭什么是内卷之王？！,咱們 | 巧克力 | 裡面 | 重新 | 蛋糕 | 一個 | 應該 | 不想 | 做過 | 怎麼,0.6146 | 0.3076 | 0.1941 | 0.1407 | 0.1405 | 0.1401 | 0.1362 | 0.1244 | 0.1242 | 0.1159
BV1ai1UYkEPs,【速睡】30min躺平冥想，拯救失眠，深度充电 | Yoga Nidra,放松 | 下沉 | 感受 | 重量 | 肩膀 | 身體 | 沉重 | 纯粹 | 腰部 | 手指,0.606 | 0.3342 | 0.3122 | 0.2143 | 0.2143 | 0.1906 | 0.155 | 0.151 | 0.1404 | 0.1319
BV1av411A7uw,人社部、最高法：“996”违法！,勞動 | 公司 | 違法 | 規定 | 合同 | 加班 | 案例 | 典型 | 制度 | 解除,0.5065 | 0.3739 | 0.2633 | 0.2251 | 0.2251 | 0.2151 | 0.2043 | 0.1896 | 0.1875 | 0.173
BV1LA41137wi,内卷、996、躺平的年轻人，怎样劝你们生三孩？【一心博士】,國家 | 生育率 | 德國 | 政策 | 消費 | 人口 | 一個 | 日本 | 生育 | 發展,0.2951 | 0.273 | 0.229 | 0.2284 | 0.206 | 0.1912 | 0.1707 | 0.1705 | 0.1678 | 0.1651
BV1VZ4y1L77c,【医学博士】你一边熬夜一边担心猝死的样子真朋克啊！I 人间急救指南,新浪 | 促死 | 機制 | 運動 | 股市 | 懂不懂 | 呼吸 | 特別 | 公司 | 一個,0.7483 | 0.3049 | 0.1863 | 0.139 | 0.1386 | 0.1064 | 0.1027 | 0.0886 | 0.0848 | 0.0844
BV1CA4m1L7K7,王者新春贺岁片 | 杨幂周深变身龙神 之 在人间打工的一天,条路 | 主意 | 中路 | 你家 | 公路 | 路上 | 人间 | 一心 | 总有 | 手里,0.4192 | 0.3959 | 0.3472 | 0.3105 | 0.1736 | 0.1734 | 0.1677 | 0.1546 | 0.1427 | 0.1359
BV1T841137jK,【新中式减肥】变瘦才是一个男人变帅的最低成本！,实际 | 计划 | 有力 | 天天 | 感觉 | 我妈 | 有点 | 肚子 | 准备 | 八个,0.2813 | 0.2109 | 0.189 | 0.1835 | 0.1799 | 0.1734 | 0.1587 | 0.1556 | 0.1554 | 0.1536
BV1Fi4y177he,晚安，被打工人！,工人 | 努力 | 早安 | 大工 | 工作 | 困難 | 傷害 | 那要 | 小姐姐 | 行為,0.7887 | 0.2326 | 0.2179 | 0.2105 | 0.12 | 0.1052 | 0.1052 | 0.1021 | 0.0994 | 0.0994
BV1Bt421G7n5,因为没升职压力大选择辞职。,不准 | 分身 | 看吧 | 花钱 | 五年 | 来个 | 加热 | 合适 | 恐怖 | 三天,0.3421 | 0.3305 | 0.3121 | 0.3046 | 0.2863 | 0.2863 | 0.2764 | 0.2679 | 0.2604 | 0.2506
BV15VjyzgEGq,你掌握这几种俯卧撑，身材和力量差不了的！,把手 | 快速 | 力量 | 形状 | 关节 | 帮助 | 人体 | 一支 | 体制 | 身体,0.5754 | 0.3302 | 0.2477 | 0.2334 | 0.2334 | 0.2289 | 0.2187 | 0.1991 | 0.1991 | 0.1901
BV1NitMebEN9,我克隆了无数个躺平BOY来进行大冒险！ROBLOX,一個 | 藍色 | 然後再 | 旁邊 | 速度 | 升級 | 一下 | 客人 | 顏色 | 怎麼,0.5023 | 0.3725 | 0.2135 | 0.1856 | 0.1808 | 0.1795 | 0.1766 | 0.168 | 0.1676 | 0.1501
BV111421d7KM,中国第一代躺平青年，深圳的流浪汉“三和大神”到底在想什么？,還要 | 怎麼 | 一個 | 記得 | 那裡 | 那麼 | 你現 | 那邊 | 名字 | 口罩,0.3194 | 0.2778 | 0.2495 | 0.1962 | 0.166 | 0.1582 | 0.1566 | 0.1551 | 0.1472 | 0.1227
BV1FT4y1Q7PX,采访我弟：内卷下的北京海淀小学生,脚子 | 五百 | 份子 | 盘子 | 合作 | 水平 | 答案 | 丢人 | 数学 | 老人,0.4471 | 0.3922 | 0.2608 | 0.2146 | 0.2003 | 0.1717 | 0.1634 | 0.149 | 0.1431 | 0.1401
BV1kS411F7E1,那些情绪稳定的职场人，不是疯了就是麻了！,生气 | 我心 | 工作 | 好好 | 集合 | 经理 | 公主 | 阶段 | 没用 | 专门,0.4099 | 0.4026 | 0.2698 | 0.2529 | 0.2133 | 0.2133 | 0.2089 | 0.2089 | 0.205 | 0.1979
BV1fs4y1H72T,【何运晨】最近工作压力很大，回想起何律的这一段，特意找出来宽慰自己,一個 | 文件 | 調整 | 解決 | 理解 | 確實 | 狀態 | 工作 | 節奏 | 錯誤,0.3534 | 0.3471 | 0.312 | 0.2408 | 0.2118 | 0.1806 | 0.1806 | 0.1719 | 0.1462 | 0.1423
BV1Z4421S7BZ,【补档】896工作制超越996，超时劳动为何无人过问？,矛盾 | 勞動 | 時代 | 企業 | 通知 | 衝突 | 經濟 | 公司 | 標準 | 民族,0.3626 | 0.2896 | 0.2547 | 0.2079 | 0.146 | 0.1445 | 0.1323 | 0.1315 | 0.1259 | 0.1259
BV1Ca411g7VM,贾跃亭走后，乐视员工过着“神仙日子”，没有996躺着挣工资,集团 | 员工 | 伺候 | 老板 | 高管 | 收入 | 版权 | 此前 | 希望 | 关系,0.6596 | 0.2577 | 0.2443 | 0.2107 | 0.1649 | 0.1183 | 0.1173 | 0.1173 | 0.1128 | 0.1103
BV1Ge411X7NW,朝鲜人在中国打工，成功赢得996福报,朝鲜 | 工厂 | 一个月 | 工人 | 中国 | 人数 | 一百 | 问题 | 采购 | 封闭,0.5053 | 0.3078 | 0.2751 | 0.2371 | 0.1719 | 0.1361 | 0.1319 | 0.1245 | 0.117 | 0.1085
BV1ra41127LP,【神女劈观】中华淮剧请求出战！淮剧公主陈澄淮剧方言翻唱版参与内卷,未必 | 一股 | 屁股 | 竟然,0.5635 | 0.5068 | 0.4861 | 0.4351
BV1RQrdBJEnE,亲测回家躺平的难度比上班摸鱼更难,回来 | 功夫 | 不来 | 总算 | 外人 | 好几个 | 开机 | 未必 | 泡泡 | 干活,0.2613 | 0.2103 | 0.2047 | 0.2047 | 0.2047 | 0.1998 | 0.1998 | 0.1954 | 0.1954 | 0.1914
BV1kk4y1Q7ka,上班第一天就被公司委以重任的后果...【早安蛋蛋】,搞砸 | 退休 | 东西 | 人人 | 工作 | 三年 | 说话 | 就让 | 干净 | 拜拜,0.3966 | 0.3453 | 0.3172 | 0.2979 | 0.2912 | 0.2747 | 0.2719 | 0.2617 | 0.2593 | 0.241
BV1Kh4y137UY,人  体  监  控  器,上午 | 睡覺 | 面前 | 到底,0.566 | 0.5371 | 0.5079 | 0.3649
BV1LUDqYYEJQ,六旬老太勇闯996,心情 | 吃饱 | 休息 | 你生 | 得意 | 一打 | 不以 | 乾淨 | 跑跑 | 困扰,0.3343 | 0.2907 | 0.1759 | 0.1704 | 0.1646 | 0.1646 | 0.1646 | 0.1597 | 0.1597 | 0.1597
BV1L4oXYxEZf,0328-吃穿家底-摆烂吧老铁,玩法 | 一手 | 眼光 | 天空 | 告訴 | 父母 | 基本上 | 出來 | 天天,0.4129 | 0.3861 | 0.3657 | 0.3493 | 0.3356 | 0.2987 | 0.2772 | 0.273 | 0.2672
BV1xAFLzqEtj,你去打工还债吧,几十 | 几天 | 回来 | 突然 | 会见 | 一进 | 清洗 | 在意 | 晚安 | 家伙,0.3914 | 0.2711 | 0.2279 | 0.201 | 0.1891 | 0.1891 | 0.1891 | 0.1786 | 0.1786 | 0.1669
BV1k84y1e7ho,这样开始摆烂不对吗？,比较 | 大学 | 学习 | 学校 | 里边 | 走走 | 身份 | 专业 | 明天 | 清晨,0.6186 | 0.3645 | 0.3075 | 0.2821 | 0.2114 | 0.2052 | 0.1805 | 0.177 | 0.1628 | 0.1246
BV1uk4y1x7N5,进 来 看 姬 小 满 踢 腿！ 🔥,人生 | 剪刀 | 逃跑 | 举起 | 常规 | 来不及 | 天才 | 你别 | 姑娘 | 师傅,0.2933 | 0.2728 | 0.2455 | 0.2455 | 0.239 | 0.239 | 0.2332 | 0.2332 | 0.2332 | 0.2192
BV1ur4y1R7VB,爱与被爱同时发生，爱才变得有意义,大王 | 天上 | 没事 | 熟人 | 妖怪 | 大妈 | 小事 | 交代 | 下场 | 哈哈哈哈,0.4034 | 0.3671 | 0.2766 | 0.2241 | 0.2241 | 0.2079 | 0.2079 | 0.2017 | 0.1963 | 0.1711
BV1bD42157CP,“不要埋怨以前的自己，因为当时他一个人站在雾里也很迷茫”,新疆 | 费用 | 出发 | 多公里 | 师傅 | 哈哈哈哈 | 一下 | 后台 | 风景 | 结束,0.6038 | 0.2752 | 0.2039 | 0.1769 | 0.1579 | 0.135 | 0.1107 | 0.1094 | 0.1033 | 0.101
BV1Xz4y1P7dx,从摆地摊到年营收2亿，85后小夫妻靠卖杯子跨越阶层！如果你喜欢本期访谈，别忘了点赞投币支持一下～,帕尼尼 | 汉堡 | 大卡 | 状态 | 大概 | 三天 | 帕尼 | 练后 | 前餐 | 饱腹,0.2346 | 0.2252 | 0.2176 | 0.1786 | 0.1692 | 0.165 | 0.1564 | 0.1564 | 0.1564 | 0.1564
BV1pkFCzCEG3,最安全火烧撤离点！航天乌鲁鲁总裁新工位（结尾有彩蛋,评论 | 刚刚 | 居然 | 来到 | 一步 | 瞄准 | 右侧 | 金线 | 覆盖 | 两颗,0.2242 | 0.209 | 0.209 | 0.2042 | 0.1879 | 0.1737 | 0.1737 | 0.1737 | 0.1611 | 0.1611
BV1scn8zoEMc,朝花夕拾,管道 | 分体 | 水冷 | 液体 | 显卡 | 冷排 | 机箱 | 冷头 | 水泵 | 散热,0.4196 | 0.3579 | 0.3147 | 0.225 | 0.2057 | 0.1993 | 0.1913 | 0.1864 | 0.1221 | 0.1192
BV17sVmzUERz,00后工位能有多离谱#叛逆老板#00后整顿职场,头像 | 威信 | 保存 | 精彩 | 重点,0.6098 | 0.5488 | 0.5342 | 0.1552 | 0.1325
BV1dh411w7Th,最诡异的数学法则，为什么不允许任何数除以0有意义？0的秘密魔力,漫威 | 英雄 | 游戏 | 博士 | 动物 | 漫画 | 角色 | 未来 | 故事 | 地图,0.5999 | 0.2705 | 0.2344 | 0.2222 | 0.1928 | 0.1752 | 0.1679 | 0.1407 | 0.1324 | 0.1285
BV13UxMeYEeM,不到20岁看不懂，小孩体会不到其中的意义！真的太戳成年人的心了,凶手 | 警方 | 日本 | 韩国 | 二楼 | 案件 | 浴室 | 现场 | 仇杀 | 太子,0.7307 | 0.215 | 0.1843 | 0.1591 | 0.153 | 0.1515 | 0.1245 | 0.1189 | 0.1178 | 0.0985
BV1r54y147SR,大佛顶首楞严咒,凶手 | 警方 | 日本 | 韩国 | 二楼 | 案件 | 浴室 | 现场 | 仇杀 | 太子,0.7307 | 0.215 | 0.1843 | 0.1591 | 0.153 | 0.1515 | 0.1245 | 0.1189 | 0.1178 | 0.0985
BV1RV411h7TT,【时代少年团】TNT《超有意义辩论赛》2.0,一杯 | 快点 | 门口 | 我先 | 照片 | 没事 | 马上 | 洗完 | 时光 | 模样,0.5282 | 0.3214 | 0.2471 | 0.2471 | 0.1866 | 0.1784 | 0.17 | 0.1388 | 0.1388 | 0.1341
BV1N14y1H7qv,“我会遇到好多有趣的人，但我不会落下你.” 今日的9个笑脸，希望能温暖你这个冬天~,鸡蛋 | 有毒 | 难吃 | 出锅 | 教程 | 一口 | 手指 | 网友 | 结合 | 味道,0.4692 | 0.2002 | 0.2002 | 0.2002 | 0.1934 | 0.1812 | 0.1646 | 0.1546 | 0.1449 | 0.1217
BV1xq421w7dn,100人公司蒙眼抓人，胜者瓜分4万元！影视飓风破产团建3.0,吸血 | 两侧 | 位于 | 皮肤 | 身体 | 金线 | 头部 | 主要 | 血液 | 雄性,0.2878 | 0.2659 | 0.2466 | 0.2448 | 0.1849 | 0.1773 | 0.1719 | 0.1563 | 0.1482 | 0.133
BV1Snnxz4ECQ,动物流佛系训练，无固定套路，自由发挥,免费 | 骗子 | 游戏 | 公主 | 百万 | 唱歌 | 皮肤 | 做事 | 点击 | 知识,0.2605 | 0.2184 | 0.2105 | 0.1863 | 0.1863 | 0.1828 | 0.1795 | 0.1765 | 0.1711 | 0.162
BV1ULN1zqEoV,小学生放学后买菜做饭vlog | 第一视角记录，小学生给还在加班的爸爸妈妈买菜做饭的日常。今天没有买到鱿鱼，要不然就给妈妈露一手我的干锅鱿鱼了。,一勺 | 鱿鱼 | 西瓜 | 原味 | 豆腐 | 妹妹 | 好吃 | 出锅 | 倒入 | 一下,0.3378 | 0.2702 | 0.2702 | 0.2431 | 0.2367 | 0.2259 | 0.1971 | 0.1946 | 0.1824 | 0.1802
BV1x3411V7NH,简简单单给自己定个目标。,不再 | 明天 | 外面,0.6112 | 0.5922 | 0.5252
BV1PA41177xm,全球60位僧侶祈福合唱《般若心经》【药师寺宽邦】,昨日 | 信念 | 一岁 | 最佳 | 盖子 | 世界 | 满天 | 错过 | 被迫 | 做个,0.3914 | 0.2088 | 0.2088 | 0.2017 | 0.2017 | 0.1998 | 0.1957 | 0.1905 | 0.1818 | 0.1818
BV1sD4y1W7f5,像不像上班时的你,分化 | 训练 | 强度 | 我练 | 频率 | 部位 | 比如说 | 比较 | 肌肉 | 一遍,0.6188 | 0.436 | 0.3288 | 0.1934 | 0.1856 | 0.132 | 0.1155 | 0.1152 | 0.1036 | 0.1021
BV1iB4y1Q75g,“终是被生活磨平了棱角”,永远 | 梦想 | 海绵 | 宝宝 | 高兴 | 关心 | 快乐 | 以前 | 打碎 | 礼貌,0.4389 | 0.3432 | 0.2423 | 0.2139 | 0.1936 | 0.1815 | 0.1655 | 0.1309 | 0.1306 | 0.1211
BV1Km421W79H,被全网群嘲的“上海天真小少爷”事件，揭露当下社会最残酷的真相 #上海 #有钱人 #阶层 #年轻人 #自律,阶层 | 富人 | 月薪 | 网友 | 限制 | 努力 | 有钱人 | 少爷 | 跨越 | 时间,0.3767 | 0.3033 | 0.2257 | 0.2007 | 0.1443 | 0.1388 | 0.1354 | 0.13 | 0.13 | 0.1285
BV1dS4y147pP,你永叫不醒一个假装努力的人,据点 | 发射 | 敌方 | 压制 | 剩余 | 入侵 | 遭到 | 区域 | 阻止 | 立即,0.7974 | 0.1993 | 0.1926 | 0.1868 | 0.1775 | 0.1736 | 0.1736 | 0.17 | 0.1668 | 0.1611
BV1GK421t7gs,为什么我的朋友很少，这是我的一段经历,证明 | 身上 | 嫌弃 | 美女 | 这款 | 一款 | 块钱 | 兄弟 | 老板 | 问题,0.5599 | 0.3691 | 0.335 | 0.3113 | 0.2991 | 0.2759 | 0.2381 | 0.2189 | 0.2141 | 0.1585
BV1i2PYesEKS,赵露思为何要那样？容貌焦虑，口碑直降，开年热搜大户的事业困境,公益 | 网友 | 事件 | 生病 | 帮助 | 粉丝 | 女性 | 网红 | 补贴 | 工作室,0.3171 | 0.2811 | 0.2092 | 0.1838 | 0.1832 | 0.1603 | 0.1454 | 0.1353 | 0.1313 | 0.1195
BV1Q8411f7F8,又一正在恶心中国女孩的“新型网红”，暴露出当下社会最病态现象,去年 | 比赛 | 队伍 | 冠军 | 击败 | 遗憾 | 选手 | 多次 | 证明 | 世界,0.3852 | 0.3162 | 0.2692 | 0.2692 | 0.2692 | 0.26 | 0.2397 | 0.2108 | 0.2108 | 0.1288
BV11Y4y1Y7Kj,逛100个工位后，桌面好物和雷品全在这了！！！,推荐 | 杯子 | 充电 | 东西 | 好看 | 工位 | 单身 | 样子 | 平常 | 有没有,0.4518 | 0.3034 | 0.2883 | 0.2805 | 0.2515 | 0.2085 | 0.1969 | 0.1283 | 0.1268 | 0.1172
BV1L94y1L7jE,5年前火爆全网的【旅行青蛙】为何一夜消失？如今变成什么样？,游戏 | 青蛙 | 旅行 | 玩家 | 玩法 | 照片 | 收集 | 回来 | 妈妈 | 纷纷,0.4999 | 0.4528 | 0.386 | 0.2438 | 0.2087 | 0.1231 | 0.1072 | 0.1066 | 0.1029 | 0.0915
BV1uHzFB2Eoe,我们的生活一地鸡毛，却见不得人间疾苦,包村 | 投降 | 威信 | 重点,0.5915 | 0.5485 | 0.5322 | 0.257
BV14W4y1X7rX,你知道高考背后的24小时吗，全社会都为这一天，做好了准备!,音乐,1.0
BV1Pz4y1s7b9,双人洗刷刷，这次我俩把海绵宝宝的工位都洗干净了！,老板 | 干净 | 哇塞 | 清洗 | 一下 | 海绵 | 宝宝 | 清理 | 前辈 | 游戏,0.6435 | 0.3315 | 0.259 | 0.235 | 0.1815 | 0.1763 | 0.1384 | 0.1147 | 0.1083 | 0.1042
BV17W4y1W7Rs,“很多年前的话，现在听起来多么讽刺”,数学 | 量子 | 计算 | 兄弟 | 研究 | 材料 | 得主 | 人类 | 大佬 | 物质,0.4386 | 0.2855 | 0.2441 | 0.235 | 0.235 | 0.1835 | 0.1645 | 0.1606 | 0.1542 | 0.1352
BV1ErUmYcEeb,天才中单体验德国女大学生开学的一天,无法 | 依然,0.724 | 0.6898
BV1CV4y137BF,事实证明，你可以摸鱼，但是你不能真的菜,清水 | 日本 | 好吃 | 料理 | 不错 | 神社 | 舞台 | 微微 | 红豆 | 试试看,0.4522 | 0.3174 | 0.2638 | 0.2504 | 0.2244 | 0.2087 | 0.1593 | 0.1454 | 0.1391 | 0.1219
BV1Zr4y1D7cf,不惧困难，顽强乐观。贵在坚持，顺其自然！加油！奥利给！哈哈哈哈哈哈,拥有 | 差异 | 特征 | 舌头 | 飞船 | 星球 | 将会 | 一头 | 发生 | 感染,0.1961 | 0.1961 | 0.1916 | 0.1916 | 0.1839 | 0.1839 | 0.1777 | 0.1333 | 0.1312 | 0.1293
BV1EU4y1r7ED,韩国出生率创世界新低，但不具备任何参考价值,宙斯 | 瞄准 | 这波 | 射手 | 闪现 | 克斯 | 大招 | 波比 | 风暴 | 倒地,0.4721 | 0.3148 | 0.2919 | 0.2361 | 0.2189 | 0.2189 | 0.1897 | 0.1574 | 0.1511 | 0.1416
BV16VZmYQEA6,第3期：围观！职场同事之间的爱恨情仇？,点击 | 免费 | 士兵 | 小女孩 | 中国 | 内容 | 广告 | 女孩 | 软件 | 会员,0.3758 | 0.2469 | 0.2454 | 0.2181 | 0.2074 | 0.1846 | 0.1759 | 0.1571 | 0.1547 | 0.1363
BV1yV411s7Y7,上班摸鱼被领导发现喽,漫威 | 英雄 | 游戏 | 博士 | 动物 | 漫画 | 角色 | 未来 | 故事 | 地图,0.5999 | 0.2705 | 0.2344 | 0.2222 | 0.1928 | 0.1752 | 0.1679 | 0.1407 | 0.1324 | 0.1285
BV1oG411e7f3,你的工位下藏着腐烂的董事长！郑州办公楼苍蝇窝案件始末,帕尼尼 | 汉堡 | 大卡 | 状态 | 大概 | 三天 | 帕尼 | 练后 | 前餐 | 饱腹,0.2346 | 0.2252 | 0.2176 | 0.1786 | 0.1692 | 0.165 | 0.1564 | 0.1564 | 0.1564 | 0.1564
BV1i8411b7RT,预制菜，社会阶层分化和食品工业化的必然结果！这会是一条不归路么?,商场 | 不让 | 抗拒 | 真的假 | 口罩 | 女友 | 讨厌 | 为啥 | 导演 | 交给,0.4026 | 0.3073 | 0.2148 | 0.2148 | 0.2075 | 0.2013 | 0.2013 | 0.196 | 0.1832 | 0.1765
BV1T3uozyETF,道歉的意义是什么？,萝卜 | 时代 | 权威 | 言论 | 沟通 | 父母 | 认知 | 家长 | 大人 | 类似,0.2569 | 0.1853 | 0.185 | 0.1734 | 0.1688 | 0.1628 | 0.1611 | 0.1521 | 0.1471 | 0.1309
BV1t44y1K7rT,金店维修工位可以赚的渣渣钱,核聚变 | 可控 | 太阳 | 发电 | 材料 | 装置 | 核心 | 核弹 | 放置 | 压缩,0.4424 | 0.2655 | 0.2422 | 0.2422 | 0.2221 | 0.2212 | 0.2206 | 0.1659 | 0.1659 | 0.1387
BV1Fo4y1C7Fy,【猛男舞团】放暑假啦！躺赢后生仔！,光光 | 烦恼 | 月光 | 好喝 | 三点 | 漫画 | 没想 | 说好 | 玩具 | 躺平,0.2772 | 0.2772 | 0.2772 | 0.269 | 0.269 | 0.2618 | 0.2555 | 0.2499 | 0.2401 | 0.2247
BV1Dd4y1o7s8,这才是夏天的真正意义！！,管道 | 分体 | 水冷 | 液体 | 显卡 | 冷排 | 机箱 | 冷头 | 水泵 | 散热,0.4196 | 0.3579 | 0.3147 | 0.225 | 0.2057 | 0.1993 | 0.1913 | 0.1864 | 0.1221 | 0.1192
BV1A5411g7US,努力奋斗获得了成功，结果却得不偿失,省钱 | 身体 | 上班 | 账单 | 金刚 | 极限 | 加班费 | 几个 | 五块 | 嘿嘿嘿,0.3802 | 0.3206 | 0.2204 | 0.205 | 0.1968 | 0.1968 | 0.1901 | 0.1893 | 0.1845 | 0.1845
BV1Sv4y1C7Ea,我是如何从一名建筑工人成为百万粉丝UP主的？【读评论】,闪现 | 呼吸 | 蝎子 | 要死 | 克斯 | 位置 | 大招 | 这波 | 人头 | 伤害,0.6247 | 0.363 | 0.2352 | 0.1933 | 0.1893 | 0.182 | 0.1804 | 0.1515 | 0.1429 | 0.1403
BV1tfbzz7EoZ,决定阶层的从来不是智商…,这位 | 操作 | 汽车 | 地板 | 事故 | 做法 | 还好 | 全都 | 不少 | 发生,0.448 | 0.4361 | 0.3153 | 0.3069 | 0.2995 | 0.2464 | 0.2407 | 0.2162 | 0.1986 | 0.192
BV1St4y1F75F,老板，你没事吧！😡,看见 | 没事 | 袋子 | 盘子 | 海鲜 | 面条 | 分开 | 螃蟹 | 帮忙 | 玻璃,0.9583 | 0.1134 | 0.0919 | 0.0882 | 0.0852 | 0.0827 | 0.0805 | 0.0786 | 0.0768 | 0.0725
BV1TuAtepET6,自制四种摸鱼小手工｜手工diy教程,宙斯 | 这波 | 大招 | 技能 | 离谱 | 半天 | 队友 | 放大 | 上线 | 消耗,0.6958 | 0.4388 | 0.1789 | 0.1398 | 0.1368 | 0.1295 | 0.1291 | 0.1256 | 0.108 | 0.1062
BV1oWAfzQEEH,为什么我们会害怕开学？,伤害 | 打断 | 离谱 | 支持 | 草丛 | 蝎子 | 石头 | 远程 | 游戏 | 演员,0.258 | 0.2434 | 0.2076 | 0.1864 | 0.169 | 0.1623 | 0.1623 | 0.1623 | 0.1564 | 0.148
BV1ALrwBjEU4,暴雨末世来临，我因独自加班被困公司，最后却靠拆同事的快递活了下来。 #原创动画,快递 | 公司 | 被困 | 立刻 | 同事 | 窗外 | 零食 | 竟然 | 消息 | 彻底,0.3367 | 0.2643 | 0.2323 | 0.2211 | 0.2055 | 0.1633 | 0.159 | 0.1562 | 0.1519 | 0.1386
BV1Ha411b7SW,【摸鱼神器】在桌面上养了个祖宗是什么体验,包村 | 投降 | 威信 | 重点,0.5915 | 0.5485 | 0.5322 | 0.257
BV1sJ411u7jN,【散人】伟大母亲的奋斗发家史（完结合集）,宝宝 | 以后 | 智力 | 妈妈 | 属性 | 游戏 | 体力 | 魅力 | 爬行 | 银行,0.7555 | 0.1867 | 0.1638 | 0.1489 | 0.1439 | 0.117 | 0.1086 | 0.1035 | 0.1035 | 0.1032
BV18XtdzaEhF,《当我把工位变成摊位》,露丝 | 妹妹 | 小美 | 房子 | 离开 | 说出 | 父亲 | 哥哥 | 激动 | 回忆,0.8922 | 0.303 | 0.0929 | 0.0671 | 0.0606 | 0.0597 | 0.0577 | 0.0517 | 0.0465 | 0.0457
BV1Zo4y1P7Ly,人鬼共生，江晓执掌宿命超脱！蹲坑摸鱼必备！,苹果 | 格式 | 照片 | 摄影 | 功能 | 像素 | 风格 | 提升 | 充电 | 相机,0.4519 | 0.2711 | 0.2298 | 0.2054 | 0.1856 | 0.184 | 0.1794 | 0.1758 | 0.1756 | 0.1756
BV1n44y1f78K,如果天花板不是用来形容他们家，那么天花板将毫无意义|真探来了,味道 | 炒饭 | 东西 | 一开 | 香味 | 吃饭 | 一顿 | 三人 | 后悔 | 慢慢,0.422 | 0.3616 | 0.2546 | 0.2169 | 0.2016 | 0.1945 | 0.1813 | 0.1677 | 0.1584 | 0.1494
BV1zZ4y1a74g,当今社会几大狠人3.0,依然 | 听说 | 胸口 | 心疼 | 想过 | 想起 | 信仰 | 明白 | 脆弱 | 普通,0.38 | 0.37 | 0.3232 | 0.2908 | 0.2831 | 0.2755 | 0.1939 | 0.1845 | 0.1801 | 0.1771
BV1wh4y1H7V9,五一加班大男孩,五一 | 男孩 | 加班 | 天堂 | 上帝 | 选手 | 面前 | 第一位 | 目光 | 我越,0.5839 | 0.4512 | 0.2649 | 0.2256 | 0.2131 | 0.208 | 0.1618 | 0.1128 | 0.1128 | 0.1128
BV1uJ411h7WJ,冯提莫《佛系少女》 现场甜美开唱元气满满【bilibili晚会单品】,镜头 | 拍摄 | 画面 | 时刻 | 观众 | 景象 | 人物 | 元素 | 出现 | 色彩,0.5703 | 0.3634 | 0.3011 | 0.1954 | 0.1694 | 0.1354 | 0.1318 | 0.1222 | 0.1165 | 0.1158
BV1Dz421f7E1,护航真正存在的意义！,沙漠 | 收获 | 植物 | 周期 | 成本 | 工厂 | 结合 | 快速 | 新疆 | 利用,0.4322 | 0.2505 | 0.243 | 0.2366 | 0.2281 | 0.2031 | 0.1877 | 0.1835 | 0.1729 | 0.1681
BV1Rh4y1B7Gu,6年跟拍3个不同阶层，最下层女孩的人生，出路让人揪心！,寂寞 | 眼泪 | 下来 | 习惯 | 总是 | 曾经 | 想想 | 之间 | 变成 | 代替,0.6884 | 0.2819 | 0.2492 | 0.2313 | 0.2266 | 0.2201 | 0.2201 | 0.2106 | 0.1784 | 0.1549
BV16ingzcEnn,朱元璋的奋斗（1）：开局一个碗！,据点 | 发射 | 敌方 | 压制 | 剩余 | 入侵 | 遭到 | 区域 | 阻止 | 立即,0.7974 | 0.1993 | 0.1926 | 0.1868 | 0.1775 | 0.1736 | 0.1736 | 0.17 | 0.1668 | 0.1611
BV1Sy4y1s7kS,比低欲望社会更恐怖的来了，90后不消费主义，极简生活将加速形成,价格 | 海鲜 | 味道 | 实际 | 下边 | 品质 | 好吃 | 尝尝 | 口感 | 蟹壳,0.35 | 0.317 | 0.2564 | 0.2546 | 0.2344 | 0.2138 | 0.1994 | 0.1569 | 0.1541 | 0.1465
BV1go5jzJEmg,群像的意义在此刻绽放,补贴 | 公司 | 现金 | 东西 | 比例 | 以后 | 手里 | 基数 | 一年 | 收入,0.4343 | 0.4006 | 0.1853 | 0.1668 | 0.1633 | 0.159 | 0.1451 | 0.1448 | 0.1436 | 0.1402
BV1w4PjzyEws,干嘛猫的vlog（上班有点焦虑，得哄哄自己）,右边 | 声音 | 左边 | 电脑 | 问题 | 驱动 | 应该 | 网友 | 肯定 | 播放,0.4629 | 0.343 | 0.3007 | 0.2253 | 0.2188 | 0.1974 | 0.1952 | 0.1904 | 0.182 | 0.1622
BV181421R7p3,什么工作可以做到周末加班，晚上加班，全年无休，一个月3800的？,兄弟 | 妈妈 | 补贴 | 百亿 | 买点 | 淘宝 | 活动 | 平台 | 一个月 | 性价比,0.7026 | 0.3575 | 0.2933 | 0.2086 | 0.1269 | 0.1238 | 0.1137 | 0.1117 | 0.0973 | 0.0929
BV1Er42157b6,或许这就是时光机存在的意义吧！,即将 | 窗户 | 打开 | 拍照 | 你好 | 模式 | 注意 | 多万 | 行驶 | 当前,0.5159 | 0.2759 | 0.2757 | 0.258 | 0.2117 | 0.1881 | 0.1672 | 0.1575 | 0.1512 | 0.1417
BV1inf9YNEmj,“  朕  的  奋  斗   ”,今日 | 天下,0.7834 | 0.6215
BV1NX4y1c77Q,【非人哉动画】摸鱼方法有讲究，避免成为大秃头！,工作 | 早点 | 收拾 | 辛苦 | 加油 | 好看 | 压力 | 不错 | 注意 | 完成,0.4544 | 0.339 | 0.3098 | 0.3021 | 0.3021 | 0.2747 | 0.237 | 0.2309 | 0.2281 | 0.2189
BV1b54y1k7k4,设这么个结界意义何在,音乐,1.0
BV1qzzDBKEt2,分享印度的五个不同等级阶层。,核聚变 | 可控 | 太阳 | 发电 | 材料 | 装置 | 核心 | 核弹 | 放置 | 压缩,0.4424 | 0.2655 | 0.2422 | 0.2422 | 0.2221 | 0.2212 | 0.2206 | 0.1659 | 0.1659 | 0.1387
BV15kVJzYE5N,《消失的青年》：面对焦虑，我们依然还有选择,管道 | 分体 | 水冷 | 液体 | 显卡 | 冷排 | 机箱 | 冷头 | 水泵 | 散热,0.4196 | 0.3579 | 0.3147 | 0.225 | 0.2057 | 0.1993 | 0.1913 | 0.1864 | 0.1221 | 0.1192
BV1fz4y1s7i7,豆瓣电影Top250，评分8.7，人生必看电影《遗愿清单》，关于人生的意义！,妻子 | 清单 | 女儿 | 医院 | 秘书 | 来到 | 家人 | 二人 | 美女 | 两人,0.4004 | 0.362 | 0.2682 | 0.2509 | 0.1952 | 0.1606 | 0.1574 | 0.1335 | 0.1305 | 0.1157
BV1EGYnewEuc,未 来 你 属 于 什 么 阶 层？,子女 | 成为 | 主导 | 富豪 | 娱乐 | 劳动者 | 体力 | 精英 | 绝大多数 | 摆脱,0.4103 | 0.2414 | 0.2342 | 0.2249 | 0.2172 | 0.2172 | 0.2108 | 0.2052 | 0.2052 | 0.2052
BV1jM4y1T7mX,女孩天生阴阳眼能看见鬼魂，在凶宅佛系驱魔，以“洗屋”为生,帕尼尼 | 汉堡 | 大卡 | 状态 | 大概 | 三天 | 帕尼 | 练后 | 前餐 | 饱腹,0.2346 | 0.2252 | 0.2176 | 0.1786 | 0.1692 | 0.165 | 0.1564 | 0.1564 | 0.1564 | 0.1564
BV1fs411k7Kj,感觉身体被掏空by彩虹室内合唱团,经济 | 房地产 | 转移 | 我国 | 制度 | 市场 | 收入 | 决定 | 政府 | 融资,0.2413 | 0.2108 | 0.1923 | 0.1703 | 0.1652 | 0.165 | 0.1579 | 0.1574 | 0.15 | 0.1443
BV1AJ411F7PC,“我是警察！”姑娘一声吼，小伙子一头扑进她怀里,头像 | 威信 | 保存 | 精彩 | 重点,0.6098 | 0.5488 | 0.5342 | 0.1552 | 0.1325
BV17G411w73r,当代年轻人的身体状况,地球 | 人类 | 生物 | 老爷 | 电池 | 外星 | 脂肪 | 平米 | 物质 | 星球,0.6026 | 0.3151 | 0.2154 | 0.1991 | 0.1792 | 0.1792 | 0.1385 | 0.1344 | 0.1178 | 0.0956
BV1a5411w7Yz,《原神》全新角色演示-「罗莎莉亚：绝不加班」,吸血 | 两侧 | 位于 | 皮肤 | 身体 | 金线 | 头部 | 主要 | 血液 | 雄性,0.2878 | 0.2659 | 0.2466 | 0.2448 | 0.1849 | 0.1773 | 0.1719 | 0.1563 | 0.1482 | 0.133
BV1S3a2zVEco,“一滴泪在半路回头 我只能战斗 战斗”,孤独 | 奋斗 | 一瞬间 | 停下 | 高考 | 英雄 | 享受 | 挑战 | 我能 | 一条,0.3679 | 0.3679 | 0.3391 | 0.3249 | 0.313 | 0.2824 | 0.2757 | 0.2757 | 0.2725 | 0.2297
BV1YM9gYdECb,焦虑、内耗、爱破防，真的是你的锅吗？硬核心理学让你从此掌控自我！,情绪 | 焦虑 | 练习 | 案件 | 应对 | 愤怒 | 暂停 | 否认 | 困扰 | 大脑,0.7826 | 0.2286 | 0.1414 | 0.1225 | 0.1115 | 0.106 | 0.106 | 0.1029 | 0.1029 | 0.0956
BV18F411E76A,【腰痛/姨妈期】任何人错过这个腰部按摩仪我都会伤心的OK？缓解疲劳佛系养生！,按摩 | 腰部 | 对象 | 造型 | 那种 | 力度 | 加热 | 舒服 | 打工 | 方便,0.8353 | 0.1909 | 0.1474 | 0.136 | 0.1304 | 0.0998 | 0.0926 | 0.0915 | 0.0743 | 0.0743
BV1z3411C7JK,“每 天 一 遍，防 止 颓 废”,轻轻 | 做人 | 翻译 | 未必 | 隐藏 | 懂得 | 带走 | 有时候 | 难道 | 快乐,0.3967 | 0.2121 | 0.207 | 0.2025 | 0.1983 | 0.1911 | 0.1821 | 0.1627 | 0.161 | 0.1534
BV1WM4y1j7jE,看完这部影片，我懂得了活着的意义！,露丝 | 妹妹 | 小美 | 房子 | 离开 | 说出 | 父亲 | 哥哥 | 激动 | 回忆,0.8922 | 0.303 | 0.0929 | 0.0671 | 0.0606 | 0.0597 | 0.0577 | 0.0517 | 0.0465 | 0.0457
BV1YgxyeNEvx,塔吊司机一下班，工友就等在工地门口早早准备好了菜，烧鸡、烤鱼，五六个人围坐在一起跟农村吃席一样，填饱肚子再加班！,清水 | 日本 | 好吃 | 料理 | 不错 | 神社 | 舞台 | 微微 | 红豆 | 试试看,0.4522 | 0.3174 | 0.2638 | 0.2504 | 0.2244 | 0.2087 | 0.1593 | 0.1454 | 0.1391 | 0.1219
BV17oQzBuEZz,当我打字解释不清而被迫去工位沟通时,包村 | 投降 | 威信 | 重点,0.5915 | 0.5485 | 0.5322 | 0.257
BV1Ub4y1f7Vt,Anneke Lucas: 我在6岁时就成为了欧洲精英阶层的性奴,伤疤 | 儿童 | 女人 | 网络 | 小时 | 折磨 | 五年 | 商品 | 感受 | 组织,0.291 | 0.2811 | 0.2246 | 0.2158 | 0.2107 | 0.1818 | 0.1623 | 0.1594 | 0.1562 | 0.1477
BV1194y1V7x8,大家喜欢哪位员工布置的工位呀,办公室 | 机身 | 氛围 | 光影 | 钢琴 | 摄影 | 光学 | 孤独 | 奋斗 | 鼠标,0.455 | 0.2384 | 0.2229 | 0.1361 | 0.1361 | 0.1361 | 0.1306 | 0.1262 | 0.1262 | 0.1262
BV1uj421D7m8,【轰】上班感觉身体硬硬的，原来是死啦！！,宙斯 | 瞄准 | 这波 | 射手 | 闪现 | 克斯 | 大招 | 波比 | 风暴 | 倒地,0.4721 | 0.3148 | 0.2919 | 0.2361 | 0.2189 | 0.2189 | 0.1897 | 0.1574 | 0.1511 | 0.1416
